best_trial_evaluation	best_trial_number	git_hash	version	dataset	dataset_kwargs.create_inverse_triples	evaluation_kwargs.batch_size	evaluator	evaluator_kwargs.filtered	loss	loss_kwargs.margin	metric	model	model_kwargs.embedding_dim	negative_sampler	negative_sampler_kwargs.num_negs_per_pos	optimizer	optimizer_kwargs.lr	optimizer_kwargs.weight_decay	regularizer	training_kwargs.batch_size	training_kwargs.label_smoothing	training_kwargs.num_epochs	training_kwargs.sub_batch_size	training_loop	loss_kwargs.adversarial_temperature	early_stopping_kwargs.delta	early_stopping_kwargs.frequency	early_stopping_kwargs.patience	early_stopping_kwargs.evaluation_batch_size	model_kwargs.num_slices	model_kwargs.relation_dim	model_kwargs.scoring_fct_norm	model_kwargs.c_max	model_kwargs.c_min	regularizer_kwargs.dim	regularizer_kwargs.normalize	regularizer_kwargs.p	regularizer_kwargs.weight
0.00048499372361063563	0	d50cd48b	0.0.1-dev	fb15k237	True	16	rankbased	True	bceaftersigmoid		hits@10	complex	50.0	basic	81.0	adadelta	0.003324899660842959	0.0	powersum	256	0.0	900.0	64.0	owa											0.0	False	2.0	0.005208310477026095
0.004593175853018373	0	d50cd48b	0.0.1-dev	fb15k237	False	16	rankbased	True	bceaftersigmoid		hits@10	complex	50.0	basic	51.0	adadelta	0.04801006333733723	0.0	powersum	256	0.0	800.0	64.0	owa											0.0	False	2.0	0.00556085443846364
0.04721556544562364	1	d50cd48b	0.0.1-dev	fb15k237	True	16	rankbased	True	bceaftersigmoid		hits@10	complex	150.0	basic	1.0	adam	0.08985570277642828	0.0	powersum	256	0.0	700.0	64.0	owa											0.0	False	2.0	0.00011556004792301285
0.3547586442998973	0	d50cd48b	0.0.1-dev	fb15k237	False	16	rankbased	True	bceaftersigmoid		hits@10	complex	450.0	basic	11.0	adam	0.011790808088295619	0.0	powersum	256	0.0	1000.0	64.0	owa											0.0	False	2.0	0.0007545905667576717
0.005591692342804975	0	d50cd48b	0.0.1-dev	fb15k237	False	16	rankbased	True	marginranking	6.599328165074777	hits@10	complex	350.0	basic	1.0	adadelta	0.00668543508981216	0.0	powersum	256	0.0	700.0	64.0	owa											0.0	False	2.0	0.0038339335087655864
0.0766004792879151	0	d50cd48b	0.0.1-dev	fb15k237	True	16	rankbased	True	marginranking	5.363947374802521	hits@10	complex	250.0	basic	11.0	adadelta	0.018202133112351734	0.0	powersum	256	0.0	700.0	64.0	owa											0.0	False	2.0	0.00012029421364426813
0.000398371104815864	0	f2933ae2	0.0.1-dev	wn18rr	True	16	rankbased	True	marginranking	9.896494823315871	hits@10	complex	250.0	basic	26.0	adadelta	0.03279694926386367	0.0	powersum	256	0.0	1000.0	64.0	owa		0.002	50.0	2.0	16.0						0.0	False	2.0	0.0003719091628549392
0.000708215297450425	21	f2933ae2	0.0.1-dev	wn18rr	False	16	rankbased	True	marginranking	1.996041322907867	hits@10	complex	350.0	basic	11.0	adadelta	0.003345367844574424	0.0	powersum	256	0.0	500.0	64.0	owa		0.002	50.0	2.0	16.0						0.0	False	2.0	0.003161817968100369
0.3501369394043136	2	d50cd48b	0.0.1-dev	fb15k237	False	16	rankbased	True	marginranking	3.7048850363434283	hits@10	complex	50.0	basic	11.0	adam	0.002386574065258062	0.0	powersum	256	0.0	800.0	64.0	owa											0.0	False	2.0	0.00020894829553474913
0.055346342576743125	0	d50cd48b	0.0.1-dev	fb15k237	True	16	rankbased	True	marginranking	4.70453942970884	hits@10	complex	350.0	basic	41.0	adam	0.07740618507520024	0.0	powersum	256	0.0	700.0	64.0	owa											0.0	False	2.0	0.003920676471558485
0.5180755858872006	5	f2933ae2	0.0.1-dev	wn18rr	True	16	rankbased	True	marginranking	4.153068077814199	hits@10	complex	350.0	basic	41.0	adam	0.0019639821751347474	0.0	powersum	256	0.0	800.0	64.0	owa		0.002	50.0	2.0	16.0						0.0	False	2.0	0.0007747845632665721
0.5129957507082153	11	f2933ae2	0.0.1-dev	wn18rr	False	16	rankbased	True	marginranking	6.663748862746132	hits@10	complex	450.0	basic	36.0	adam	0.006521779624571541	0.0	powersum	256	0.0	700.0	64.0	owa		0.002	50.0	2.0	16.0						0.0	False	2.0	0.00033752078720719164
0.0005420518087412986	0	d50cd48b	0.0.1-dev	fb15k237	False	16	rankbased	True	nssa	25.954796318086732	hits@10	complex	350.0	basic	50.0	adadelta	0.09690874477942105	0.0	powersum	256	0.0	1000.0	64.0	owa	0.4267158782410334										0.0	False	2.0	0.0005138520476764643
0.0007988131918292822	0	d50cd48b	0.0.1-dev	fb15k237	True	16	rankbased	True	nssa	18.89390358510077	hits@10	complex	450.0	basic	190.0	adadelta	0.0013538723653468143	0.0	powersum	256	0.0	700.0	64.0	owa	0.24411611161306										0.0	False	2.0	0.002426147490255488
0.000708215297450425	11	f2933ae2	0.0.1-dev	wn18rr	True	16	rankbased	True	nssa	29.26565362346391	hits@10	complex	250.0	basic	150.0	adadelta	0.0011949862016151398	0.0	powersum	256	0.0	1000.0	64.0	owa	0.3125061089020611	0.002	50.0	2.0	16.0						0.0	False	2.0	0.00040343840061407885
0.0009295325779036828	15	f2933ae2	0.0.1-dev	wn18rr	False	16	rankbased	True	nssa	5.511351337785767	hits@10	complex	250.0	basic	10.0	adadelta	0.05489961092426788	0.0	powersum	256	0.0	1000.0	64.0	owa	0.22541120856557037	0.002	50.0	2.0	16.0						0.0	False	2.0	0.00043855465244313914
0.08983795503822892	0	d50cd48b	0.0.1-dev	fb15k237	False	16	rankbased	True	nssa	8.728761421721147	hits@10	complex	350.0	basic	10.0	adam	0.038107543215461566	0.0	powersum	256	0.0	500.0	64.0	owa	0.7912031258794581										0.0	False	2.0	0.009417054585043784
0.0007702841492639507	0	d50cd48b	0.0.1-dev	fb15k237	True	16	rankbased	True	nssa	13.025344744190669	hits@10	complex	150.0	basic	180.0	adam	0.010136488921514713	0.0	powersum	256	0.0	600.0	64.0	owa	0.5636616651786013										0.0	False	2.0	0.013812375901729356
0.00141643059490085	8	f2933ae2	0.0.1-dev	wn18rr	True	16	rankbased	True	nssa	25.918460866753083	hits@10	complex	150.0	basic	190.0	adam	0.0020382609437204512	0.0	powersum	256	0.0	900.0	64.0	owa	0.21334038200098554	0.002	50.0	2.0	16.0						0.0	False	2.0	0.0001182608593654525
0.4634523632026241	6	f2933ae2	0.0.1-dev	wn18rr	False	16	rankbased	True	nssa	16.161659747330525	hits@10	complex	250.0	basic	10.0	adam	0.002372401721857435	0.0	powersum	256	0.0	900.0	64.0	owa	0.3535669236902471	0.002	50.0	2.0	16.0						0.0	False	2.0	0.00028676351513375547
0.002909962341663814	1	d50cd48b	0.0.1-dev	fb15k237	True	16	rankbased	True	softplus		hits@10	complex	350.0	basic	11.0	adadelta	0.017726910152304935	0.0	powersum	256	0.0	700.0	64.0	owa											0.0	False	2.0	0.007109735054868534
0.005563163300239644	3	d50cd48b	0.0.1-dev	fb15k237	False	16	rankbased	True	softplus		hits@10	complex	250.0	basic	1.0	adadelta	0.08159722268271716	0.0	powersum	256	0.0	900.0	64.0	owa											0.0	False	2.0	0.007182350433103997
0.22198448020084446	0	d50cd48b	0.0.1-dev	fb15k237	True	16	rankbased	True	softplus		hits@10	complex	450.0	basic	21.0	adam	0.06743029569440241	0.0	powersum	256	0.0	1000.0	64.0	owa											0.0	False	2.0	0.0007555676165489803
0.04379208033778387	2	d50cd48b	0.0.1-dev	fb15k237	False	16	rankbased	True	softplus		hits@10	complex	250.0	basic	51.0	adam	0.028436088391259357	0.0	powersum	256	0.0	500.0	64.0	owa											0.0	False	2.0	0.0005645752715274845
0.0017046102932785575	8	31cfbd84	0.0.1-dev	fb15k237	True	16	rankbased	True	bceaftersigmoid		hits@10	distmult	350.0	basic	1.0	adadelta	0.03211848420458158	0.0	no	256	0.0	900.0		owa		0.002	50.0	2.0	16.0									
0.0015690973410932329	44	31cfbd84	0.0.1-dev	fb15k237	False	16	rankbased	True	bceaftersigmoid		hits@10	distmult	50.0	basic	1.0	adadelta	0.045125631293915454	0.0	no	256	0.0	500.0		owa		0.002	50.0	2.0	16.0									
0.0010623229461756375	63	1e06faa2	0.0.1-dev	wn18rr	True	16	rankbased	True	bceaftersigmoid		hits@10	distmult	250.0	basic	91.0	adadelta	0.021102064843323276	0.0	lp	256	0.0	700.0		owa		0.002	50.0	2.0								False	2.0	0.0001
0.00141643059490085	12	80fad45a	0.0.1-dev	wn18rr	False	16	rankbased	True	bceaftersigmoid		hits@10	distmult	150.0	basic	11.0	adadelta	0.02742183497902933	0.0	lp	256	0.0	800.0		owa		0.002	50.0	2.0								False	2.0	0.0001
0.020007082152974504	3	d50cd48b	0.0.1-dev	wn18rr	True	1	rankbased	True	bceaftersigmoid		hits@10	distmult	100.0			adam	0.0015713385012934501	0.0	lp	256	0.0028645995478652	600.0		lcwa												False	2.0	0.0001
0.30591692342804977	22	31cfbd84	0.0.1-dev	fb15k237	True	16	rankbased	True	bceaftersigmoid		hits@10	distmult	250.0	basic	1.0	adam	0.0018363834245149217	0.0	no	256	0.0	900.0		owa		0.002	50.0	2.0	16.0									
0.31309573145462083	23	31cfbd84	0.0.1-dev	fb15k237	False	16	rankbased	True	bceaftersigmoid		hits@10	distmult	150.0	basic	11.0	adam	0.0014977066853453153	0.0	no	256	0.0	900.0		owa		0.002	50.0	2.0	16.0									
0.4701031970861999	19	1e06faa2	0.0.1-dev	wn18rr	True	16	rankbased	True	bceaftersigmoid		hits@10	distmult	150.0	basic	21.0	adam	0.0015506267253687478	0.0	lp	256	0.0	1000.0		owa		0.002	50.0	2.0								False	2.0	0.0001
0.4085980709564279	10	8408f784	0.0.1-dev	wn18rr	False	16	rankbased	True	bceaftersigmoid		hits@10	distmult	450.0	basic	61.0	adam	0.0016054515161429083	0.0	lp	256	0.0	1000.0		owa		0.002	50.0	2.0								False	2.0	0.0001
0.10436874738483777	58	31cfbd84	0.0.1-dev	fb15k237	False	16	rankbased	True	marginranking	8.815401966339902	hits@10	distmult	50.0	basic	26.0	adadelta	0.0893180426164091	0.0	no	256	0.0	1000.0		owa		0.002	50.0	2.0	16.0									
0.106450248706124	24	31cfbd84	0.0.1-dev	fb15k237	True	16	rankbased	True	marginranking	1.068758471370931	hits@10	distmult	50.0	basic	26.0	adadelta	0.06969992764579677	0.0	no	256	0.0	800.0		owa		0.002	50.0	2.0	16.0									
0.0012393767705382436	81	8408f784	0.0.1-dev	wn18rr	False	32	rankbased	True	marginranking	8.212169168389131	hits@10	distmult	150.0	basic	31.0	adadelta	0.005600790983328816	0.0	lp	256	0.0	700.0		owa		0.002	50.0	2.0								False	2.0	0.0001
0.0008410056657223796	14	8408f784	0.0.1-dev	wn18rr	True	32	rankbased	True	marginranking	1.2615603608476138	hits@10	distmult	450.0	basic	41.0	adadelta	0.005682905870440259	0.0	lp	256	0.0	600.0		owa		0.002	50.0	2.0								False	2.0	0.0001
0.37892274335273307	18	31cfbd84	0.0.1-dev	fb15k237	False	16	rankbased	True	marginranking	6.558970732095915	hits@10	distmult	450.0	basic	31.0	adam	0.0010985367235812659	0.0	no	256	0.0	500.0		owa		0.002	50.0	2.0	16.0									
0.36884343261440145	33	31cfbd84	0.0.1-dev	fb15k237	True	16	rankbased	True	marginranking	9.709320022699194	hits@10	distmult	450.0	basic	21.0	adam	0.0011679108745978096	0.0	no	256	0.0	500.0		owa		0.002	50.0	2.0	16.0									
0.5094428706326724	53	8408f784	0.0.1-dev	wn18rr	False	32	rankbased	True	marginranking	5.376084920458635	hits@10	distmult	450.0	basic	21.0	adam	0.0011360213033953684	0.0	lp	256	0.0	900.0		owa		0.002	50.0	2.0								False	2.0	0.0001
0.5093293745914143	14	8408f784	0.0.1-dev	wn18rr	True	32	rankbased	True	marginranking	9.650769112147305	hits@10	distmult	450.0	basic	26.0	adam	0.0012966461402839084	0.0	lp	256	0.0	600.0		owa		0.002	50.0	2.0								False	2.0	0.0001
0.001390790825059911	31	31cfbd84	0.0.1-dev	fb15k237	False	16	rankbased	True	nssa	2.5147371990965937	hits@10	distmult	450.0	basic	80.0	adadelta	0.024081870827360633	0.0	no	256	0.0	500.0		owa	0.4549763659405489	0.002	50.0	2.0	16.0									
0.0009985164897866028	16	31cfbd84	0.0.1-dev	fb15k237	True	16	rankbased	True	nssa	28.35327105173146	hits@10	distmult	250.0	basic	110.0	adadelta	0.0064599257127569585	0.0	no	256	0.0	500.0		owa	0.4152872633142787	0.002	50.0	2.0	16.0									
0.0019475920679886685	27	8408f784	0.0.1-dev	wn18rr	False	32	rankbased	True	nssa	22.52829377581511	hits@10	distmult	150.0	basic	70.0	adadelta	0.07813394680783342	0.0	lp	256	0.0	500.0		owa	0.9758819014917149	0.002	50.0	2.0								False	2.0	0.0001
0.0010623229461756375	20	8408f784	0.0.1-dev	wn18rr	True	32	rankbased	True	nssa	26.217807282574096	hits@10	distmult	250.0	basic	160.0	adadelta	0.0023429435024241263	0.0	lp	256	0.0	700.0		owa	0.621182266733878	0.002	50.0	2.0								False	2.0	0.0001
0.3260698390961999	6	31cfbd84	0.0.1-dev	fb15k237	False	16	rankbased	True	nssa	1.383642902317842	hits@10	distmult	250.0	basic	70.0	adam	0.001044029719766665	0.0	no	256	0.0	700.0		owa	0.6317951696287658	0.002	50.0	2.0	16.0									
0.2741277893622981	2	31cfbd84	0.0.1-dev	fb15k237	True	16	rankbased	True	nssa	1.1261657818773174	hits@10	distmult	50.0	basic	40.0	adam	0.003342196826429285	0.0	no	256	0.0	500.0		owa	0.2830942172640739	0.002	50.0	2.0	16.0									
0.39996458923512745	5	8408f784	0.0.1-dev	wn18rr	False	32	rankbased	True	nssa	2.7946573312736023	hits@10	distmult	150.0	basic	60.0	adam	0.00259541388796992	0.0	lp	256	0.0	900.0		owa	0.6897260291269895	0.002	50.0	2.0								False	2.0	0.0001
0.38838526912181304	27	8408f784	0.0.1-dev	wn18rr	True	32	rankbased	True	nssa	5.225131605342954	hits@10	distmult	50.0	basic	40.0	adam	0.0017911908418903582	0.0	lp	256	0.0	700.0		owa	0.869361293827337	0.002	50.0	2.0								False	2.0	0.0001
0.0012624101335159193	25	31cfbd84	0.0.1-dev	fb15k237	True	16	rankbased	True	softplus		hits@10	distmult	250.0	basic	1.0	adadelta	0.023747521430393246	0.0	no	256	0.0	800.0		owa		0.002	50.0	2.0	16.0									
0.0017188748145612234	49	31cfbd84	0.0.1-dev	fb15k237	False	16	rankbased	True	softplus		hits@10	distmult	450.0	basic	51.0	adadelta	0.01965375603246603	0.0	no	256	0.0	700.0		owa		0.002	50.0	2.0	16.0									
0.0010623229461756375	55	f9af833e	0.0.1-dev	wn18rr	False	16	rankbased	True	softplus		hits@10	distmult	250.0	basic	71.0	adadelta	0.09582185938896395	0.0	lp	256	0.0	1000.0		owa		0.002	50.0	2.0								False	2.0	0.0001
0.0008852691218130312	67	8408f784	0.0.1-dev	wn18rr	True	16	rankbased	True	softplus		hits@10	distmult	50.0	basic	31.0	adadelta	0.03606424654081774	0.0	lp	256	0.0	800.0		owa		0.002	50.0	2.0								False	2.0	0.0001
0.296924268905746	5	31cfbd84	0.0.1-dev	fb15k237	True	16	rankbased	True	softplus		hits@10	distmult	450.0	basic	81.0	adam	0.0018035939525076537	0.0	no	256	0.0	900.0		owa		0.002	50.0	2.0	16.0									
0.338297386739701	21	31cfbd84	0.0.1-dev	fb15k237	False	16	rankbased	True	softplus		hits@10	distmult	350.0	basic	1.0	adam	0.0012819166900519634	0.0	no	256	0.0	1000.0		owa		0.002	50.0	2.0	16.0									
0.4571175637393768	4	f9af833e	0.0.1-dev	wn18rr	False	16	rankbased	True	softplus		hits@10	distmult	150.0	basic	1.0	adam	0.0018270915439858963	0.0	lp	256	0.0	700.0		owa		0.002	50.0	2.0								False	2.0	0.0001
0.42326824497504384	26	8408f784	0.0.1-dev	wn18rr	True	16	rankbased	True	softplus		hits@10	distmult	50.0	basic	71.0	adam	0.001289701955786879	0.0	lp	256	0.0	1000.0		owa		0.002	50.0	2.0								False	2.0	0.0001
0.08416067556772795	3	d50cd48b	0.0.1-dev	fb15k237	False	1	rankbased	True	bceaftersigmoid		hits@10	ermlp	100.0	basic	91.0	adadelta	0.010445359432541197	0.0	no	256	0.0	1900.0	64.0	owa														
0.10992240100422229	1	d50cd48b	0.0.1-dev	fb15k237	True	1	rankbased	True	bceaftersigmoid		hits@10	ermlp	150.0	basic	1.0	adadelta	0.059417751461425396	0.0	no	256	0.0	1400.0	64.0	owa														
0.008447996762444355	39	80fad45a	0.0.1-dev	wn18rr	False	1	rankbased	True	bceaftersigmoid		hits@10	ermlp	200.0	basic	51.0	adadelta	0.07397140359241486	0.0	no	256	0.0	1200.0	64.0	owa		0.002	50.0	2.0										
0.006403446647780925	6	80fad45a	0.0.1-dev	wn18rr	True	1	rankbased	True	bceaftersigmoid		hits@10	ermlp	200.0	basic	11.0	adadelta	0.02476198454886162	0.0	no	256	0.0	1900.0	64.0	owa		0.002	50.0	2.0										
0.19037430103845715	1	d50cd48b	0.0.1-dev	fb15k237	False	1	rankbased	True	bceaftersigmoid		hits@10	ermlp	200.0	basic	31.0	adam	0.007816228289639026	0.0	no	256	0.0	1900.0	64.0	owa														
0.3504792879150976	0	d50cd48b	0.0.1-dev	fb15k237	True	1	rankbased	True	bceaftersigmoid		hits@10	ermlp	200.0	basic	21.0	adam	0.0010846495178811158	0.0	no	256	0.0	800.0	64.0	owa														
0.15294171650403945	0	80fad45a	0.0.1-dev	wn18rr	False	1	rankbased	True	bceaftersigmoid		hits@10	ermlp	150.0	basic	71.0	adam	0.0020958197556203944	0.0	no	256	0.0	1500.0	64.0	owa		0.002	50.0	2.0										
0.4540368271954674	2	80fad45a	0.0.1-dev	wn18rr	True	1	rankbased	True	bceaftersigmoid		hits@10	ermlp	100.0	basic	21.0	adam	0.0025022770229027923	0.0	no	256	0.0	1500.0	64.0	owa		0.002	50.0	2.0										
0.26979915554034006	1	d50cd48b	0.0.1-dev	fb15k237	True	1	rankbased	True	marginranking	3.434494985074045	hits@10	ermlp	50.0	basic	11.0	adadelta	0.07882940883733365	0.0	no	256	0.0	1300.0	64.0	owa														
0.24911559968047473	2	d50cd48b	0.0.1-dev	fb15k237	False	1	rankbased	True	marginranking	5.702586557614416	hits@10	ermlp	50.0	basic	16.0	adadelta	0.09172233499896028	0.0	no	256	0.0	1100.0	64.0	owa														
0.015527620396600567	11	80fad45a	0.0.1-dev	wn18rr	True	1	rankbased	True	marginranking	8.654049843705737	hits@10	ermlp	200.0	basic	21.0	adadelta	0.0025596258116238465	0.0	no	256	0.0	1000.0	64.0	owa		0.002	50.0	2.0										
0.01746193342776204	2	80fad45a	0.0.1-dev	wn18rr	False	1	rankbased	True	marginranking	6.7202508743825735	hits@10	ermlp	200.0	basic	21.0	adadelta	0.006040116724084374	0.0	no	256	0.0	1500.0	64.0	owa		0.002	50.0	2.0										
0.28680246490927763	0	d50cd48b	0.0.1-dev	fb15k237	True	1	rankbased	True	marginranking	2.7317245520736964	hits@10	ermlp	150.0	basic	36.0	adam	0.04767335383517772	0.0	no	256	0.0	2000.0	64.0	owa														
0.306801323747575	3	d50cd48b	0.0.1-dev	fb15k237	False	1	rankbased	True	marginranking	9.484653477456389	hits@10	ermlp	100.0	basic	1.0	adam	0.009451207408679259	0.0	no	256	0.0	1800.0	64.0	owa														
0.375	3	80fad45a	0.0.1-dev	wn18rr	True	1	rankbased	True	marginranking	2.5973398837249153	hits@10	ermlp	50.0	basic	41.0	adam	0.0043527575098199316	0.0	no	256	0.0	1100.0	64.0	owa		0.002	50.0	2.0										
0.24243727235936868	3	80fad45a	0.0.1-dev	wn18rr	False	1	rankbased	True	marginranking	1.3074997818963074	hits@10	ermlp	50.0	basic	46.0	adam	0.018358314309119047	0.0	no	256	0.0	1800.0	64.0	owa		0.002	50.0	2.0										
0.08481684354673057	0	d50cd48b	0.0.1-dev	fb15k237	True	1	rankbased	True	nssa	24.007153340520453	hits@10	ermlp	150.0	basic	70.0	adadelta	0.025104356476228974	0.0	no	256	0.0	1900.0	64.0	owa	0.3428014380690077													
0.0801380805660162	1	d50cd48b	0.0.1-dev	fb15k237	False	1	rankbased	True	nssa	17.836182615560922	hits@10	ermlp	200.0	basic	70.0	adadelta	0.028044323578035803	0.0	no	256	0.0	1800.0	64.0	owa	0.43262532115836166													
0.005636213408876298	34	80fad45a	0.0.1-dev	wn18rr	True	1	rankbased	True	nssa	20.800294000495818	hits@10	ermlp	200.0	basic	50.0	adadelta	0.00809217625892033	0.0	no	256	0.0	1800.0	64.0	owa	0.9059907891654854	0.002	50.0	2.0										
0.005636213408876298	8	80fad45a	0.0.1-dev	wn18rr	False	1	rankbased	True	nssa	28.19334270654431	hits@10	ermlp	150.0	basic	40.0	adadelta	0.01054502819501524	0.0	no	256	0.0	1700.0	64.0	owa	0.43517003709485036	0.002	50.0	2.0										
0.009728403514778045	1	d50cd48b	0.0.1-dev	fb15k237	True	1	rankbased	True	nssa	27.58438633807317	hits@10	ermlp	150.0	basic	60.0	adam	0.06264337078307285	0.0	no	256	0.0	1900.0	64.0	owa	0.5400529474518535													
0.2293735022252653	1	d50cd48b	0.0.1-dev	fb15k237	False	1	rankbased	True	nssa	21.20051471093619	hits@10	ermlp	50.0	basic	90.0	adam	0.009433795791379021	0.0	no	256	0.0	1600.0	64.0	owa	0.5501742032279588													
0.4219496155402671	2	80fad45a	0.0.1-dev	wn18rr	True	1	rankbased	True	nssa	9.52576858016142	hits@10	ermlp	100.0	basic	50.0	adam	0.0011609154821215228	0.0	no	256	0.0	1800.0	64.0	owa	0.7950425988055484	0.002	50.0	2.0										
0.14404066336166194	3	80fad45a	0.0.1-dev	wn18rr	False	1	rankbased	True	nssa	10.853026080182756	hits@10	ermlp	150.0	basic	10.0	adam	0.005043483306281557	0.0	no	256	0.0	1400.0	64.0	owa	0.40089595335620487	0.002	50.0	2.0										
0.08356156567385599	1	d50cd48b	0.0.1-dev	fb15k237	False	1	rankbased	True	softplus		hits@10	ermlp	200.0	basic	31.0	adadelta	0.047803995422974505	0.0	no	256	0.0	2000.0	64.0	owa														
0.08307657195024536	0	d50cd48b	0.0.1-dev	fb15k237	True	1	rankbased	True	softplus		hits@10	ermlp	200.0	basic	51.0	adadelta	0.009726756843092852	0.0	no	256	0.0	1100.0	64.0	owa														
0.007891541885876164	31	80fad45a	0.0.1-dev	wn18rr	True	1	rankbased	True	softplus		hits@10	ermlp	200.0	basic	61.0	adadelta	0.07359750124548663	0.0	no	256	0.0	1100.0	64.0	owa		0.002	50.0	2.0										
0.0073350870093079725	40	1d290076	0.0.1-dev	wn18rr	False	1	rankbased	True	softplus		hits@10	ermlp	150.0	basic	41.0	adadelta	0.06543007893838276	0.0	no	256	0.0	1100.0	64.0	owa		0.002	50.0	2.0										
0.34286203355015404	2	d50cd48b	0.0.1-dev	fb15k237	False	1	rankbased	True	softplus		hits@10	ermlp	200.0	basic	21.0	adam	0.0016601399980821039	0.0	no	256	0.0	1700.0	64.0	owa														
0.3549583475978546	0	d50cd48b	0.0.1-dev	fb15k237	True	1	rankbased	True	softplus		hits@10	ermlp	100.0	basic	11.0	adam	0.0022037081091382245	0.0	no	256	0.0	500.0	64.0	owa														
0.4487134088762984	5	80fad45a	0.0.1-dev	wn18rr	True	1	rankbased	True	softplus		hits@10	ermlp	200.0	basic	61.0	adam	0.0015763179289666838	0.0	no	256	0.0	1700.0	64.0	owa		0.002	50.0	2.0										
0.18631964117091596	12	80fad45a	0.0.1-dev	wn18rr	False	1	rankbased	True	softplus		hits@10	ermlp	50.0	basic	41.0	adam	0.015453931667986472	0.0	no	256	0.0	1300.0	64.0	owa		0.002	50.0	2.0										
0.08210658450302408	2	d50cd48b	0.0.1-dev	fb15k237	False	16	rankbased	True	bceaftersigmoid		hits@10	hole	150.0	basic	21.0	adadelta	0.05877985337046184	0.0	no	256	0.0	800.0		owa														
0.11987903685952299	0	d50cd48b	0.0.1-dev	fb15k237	True	16	rankbased	True	bceaftersigmoid		hits@10	hole	450.0	basic	41.0	adadelta	0.06438168037676892	0.0	no	256	0.0	900.0		owa														
0.0010623229461756375	92	80fad45a	0.0.1-dev	wn18rr	False	16	rankbased	True	bceaftersigmoid		hits@10	hole	50.0	basic	11.0	adadelta	0.003099579624080898	0.0	no	256	0.0	1000.0		owa		0.002	50.0	2.0										
0.000708215297450425	9	53ad0f27	0.0.1-dev	wn18rr	True	16	rankbased	True	bceaftersigmoid		hits@10	hole	450.0	basic	41.0	adadelta	0.0063804569225802904	0.0	no	256	0.0	1000.0		owa		0.002	50.0	2.0										
0.3537601278101107	9	d50cd48b	0.0.1-dev	fb15k237	False	16	rankbased	True	bceaftersigmoid		hits@10	hole	250.0	basic	31.0	adam	0.0012203695480981086	0.0	no	256	0.0	500.0		owa														
0.3408935296131462	0	d50cd48b	0.0.1-dev	fb15k237	True	16	rankbased	True	bceaftersigmoid		hits@10	hole	250.0	basic	61.0	adam	0.0016893592205209005	0.0	no	256	0.0	800.0		owa														
0.42607412653446647	8	53ad0f27	0.0.1-dev	wn18rr	True	16	rankbased	True	bceaftersigmoid		hits@10	hole	150.0	basic	71.0	adam	0.0011562942359719028	0.0	no	256	0.0	700.0		owa		0.002	50.0	2.0										
0.4206630244165655	20	53ad0f27	0.0.1-dev	wn18rr	False	16	rankbased	True	bceaftersigmoid		hits@10	hole	250.0	basic	71.0	adam	0.0014748865145783206	0.0	no	256	0.0	1000.0		owa		0.002	50.0	2.0										
0.2957320552322264	7	d50cd48b	0.0.1-dev	fb15k237	False	8	rankbased	True	marginranking	1.7214877155255972	hits@10	hole	250.0	basic	31.0	adadelta	0.08445936903400805	0.0	no	256	0.0	700.0		owa														
0.2593289969188634	1	d50cd48b	0.0.1-dev	fb15k237	True	8	rankbased	True	marginranking	2.0786887858891983	hits@10	hole	350.0	basic	46.0	adadelta	0.0214883378043732	0.0	no	256	0.0	700.0		owa														
0.3480169971671388	1	3068d222	0.0.1-dev	wn18rr	True	8	rankbased	True	marginranking	6.839864857691252	hits@10	hole	250.0	basic	1.0	adadelta	0.07368168344666512	0.0	no	256	0.0	700.0		owa		0.002	50.0	2.0	8.0									
0.36063068435962425	87	3068d222	0.0.1-dev	wn18rr	False	8	rankbased	True	marginranking	9.64025746985864	hits@10	hole	350.0	basic	26.0	adadelta	0.0989331671539086	0.0	no	256	0.0	900.0		owa		0.002	50.0	2.0	8.0									
0.3549457034938621	35	53ad0f27	0.0.1-dev	wn18rr	False	32	rankbased	True	marginranking	8.126831216040262	hits@10	hole	450.0	basic	1.0	adadelta	0.08116768543211786	0.0	no	256	0.0	700.0		owa		0.002	50.0	2.0										
0.28700216820723495	0	d50cd48b	0.0.1-dev	fb15k237	True	8	rankbased	True	marginranking	5.024048509991688	hits@10	hole	450.0	basic	16.0	adam	0.0017438812013373546	0.0	no	256	0.0	500.0		owa														
0.3188405797101449	2	d50cd48b	0.0.1-dev	fb15k237	False	8	rankbased	True	marginranking	3.772193406062284	hits@10	hole	350.0	basic	21.0	adam	0.0010306764458925869	0.0	no	256	0.0	1000.0		owa														
0.40591151474754206	31	d3b98358	0.0.1-dev	wn18rr	False	8	rankbased	True	marginranking	3.809259701241404	hits@10	hole	250.0	basic	36.0	adam	0.0012105803051532266	0.0	no	256	0.0	800.0		owa		0.002	50.0	2.0	8.0									
0.40582507082152974	12	3068d222	0.0.1-dev	wn18rr	True	8	rankbased	True	marginranking	1.5129398001466754	hits@10	hole	350.0	basic	31.0	adam	0.0017310986657445636	0.0	no	256	0.0	800.0		owa		0.002	50.0	2.0	8.0									
0.3891406987724268	30	53ad0f27	0.0.1-dev	wn18rr	False	32	rankbased	True	marginranking	2.5652823635876096	hits@10	hole	450.0	basic	26.0	adam	0.0017682576034139137	0.0	no	256	0.0	800.0		owa		0.002	50.0	2.0										
0.16929133858267717	0	d50cd48b	0.0.1-dev	fb15k237	False	1	rankbased	True	nssa	20.14598980417623	hits@10	hole	150.0	basic	30.0	adadelta	0.08113489396503332	0.0	no	256	0.0	1000.0		owa	0.8414146370850862													
0.10193426908592948	2	d50cd48b	0.0.1-dev	fb15k237	True	1	rankbased	True	nssa	9.475764941684721	hits@10	hole	250.0	basic	130.0	adadelta	0.0316483528700776	0.0	no	256	0.0	800.0		owa	0.21599955740285054													
0.0008852691218130312	20	f2933ae2	0.0.1-dev	wn18rr	True	1	rankbased	True	nssa	2.854479272076559	hits@10	hole	350.0	basic	70.0	adadelta	0.005060350888438597	0.0	no	256	0.0	1000.0		owa	0.12022740026247489	0.002	50.0	2.0	1.0									
0.0012393767705382436	89	35b5320c	0.0.1-dev	wn18rr	False	1	rankbased	True	nssa	6.23788252005031	hits@10	hole	450.0	basic	30.0	adadelta	0.012100024967880471	0.0	no	256	0.0	600.0		owa	0.9362056779834067	0.002	50.0	2.0	1.0									
0.023393814903571838	5	d50cd48b	0.0.1-dev	fb15k237	True	1	rankbased	True	nssa	18.21528994446493	hits@10	hole	150.0	basic	110.0	adam	0.013472120266236605	0.0	no	256	0.0	500.0		owa	0.3274268215612832													
0.19311308912472896	2	d50cd48b	0.0.1-dev	fb15k237	False	1	rankbased	True	nssa	24.40095777580678	hits@10	hole	450.0	basic	150.0	adam	0.0012797512707400773	0.0	no	256	0.0	1000.0		owa	0.8698123649788388													
0.40923577131084216	31	35b5320c	0.0.1-dev	wn18rr	False	1	rankbased	True	nssa	2.150315525516767	hits@10	hole	450.0	basic	100.0	adam	0.0011666167949087002	0.0	no	256	0.0	500.0		owa	0.4084967635725024	0.002	50.0	2.0	1.0									
0.3169432078780521	8	35b5320c	0.0.1-dev	wn18rr	True	1	rankbased	True	nssa	18.917387758680118	hits@10	hole	350.0	basic	90.0	adam	0.0013471912604743647	0.0	no	256	0.0	1000.0		owa	0.5852872953863818	0.002	50.0	2.0	1.0									
0.022423827456350565	1	d50cd48b	0.0.1-dev	fb15k237	True	16	rankbased	True	softplus		hits@10	hole	450.0	basic	1.0	adadelta	0.006212458738239582	0.0	no	256	0.0	500.0		owa														
0.213596941686637	4	d50cd48b	0.0.1-dev	fb15k237	False	16	rankbased	True	softplus		hits@10	hole	350.0	basic	11.0	adadelta	0.06700475047787771	0.0	no	256	0.0	1000.0		owa														
0.30282105760151085	8	53ad0f27	0.0.1-dev	wn18rr	True	16	rankbased	True	softplus		hits@10	hole	450.0	basic	1.0	adadelta	0.097772717624853	0.0	no	256	0.0	700.0		owa		0.002	50.0	2.0										
0.00141643059490085	85	f9af833e	0.0.1-dev	wn18rr	False	16	rankbased	True	softplus		hits@10	hole	350.0	basic	21.0	adadelta	0.007826904861541582	0.0	no	256	0.0	600.0		owa		0.002	50.0	2.0										
0.30029670204267944	0	d50cd48b	0.0.1-dev	fb15k237	True	16	rankbased	True	softplus		hits@10	hole	350.0	basic	41.0	adam	0.0023406553939094962	0.0	no	256	0.0	1000.0		owa														
0.3438320209973753	0	d50cd48b	0.0.1-dev	fb15k237	False	16	rankbased	True	softplus		hits@10	hole	250.0	basic	71.0	adam	0.0011049748954429534	0.0	no	256	0.0	900.0		owa														
0.41977598031906965	24	f9af833e	0.0.1-dev	wn18rr	False	16	rankbased	True	softplus		hits@10	hole	50.0	basic	71.0	adam	0.0010198126811448687	0.0	no	256	0.0	900.0		owa		0.002	50.0	2.0										
0.3919887360043167	19	53ad0f27	0.0.1-dev	wn18rr	True	16	rankbased	True	softplus		hits@10	hole	450.0	basic	51.0	adam	0.0018012402010633836	0.0	no	256	0.0	1000.0		owa		0.002	50.0	2.0										
0.0007988131918292822	0	d50cd48b	0.0.1-dev	fb15k237	True	1	rankbased	True	bceaftersigmoid		hits@10	kg2e	350.0	basic	41.0	adadelta	0.05487191074824213	0.0	no	256	0.0	800.0		owa									6.089764002228658	0.03414108709675192				
0.0007417551066986192	1	d50cd48b	0.0.1-dev	fb15k237	False	1	rankbased	True	bceaftersigmoid		hits@10	kg2e	350.0	basic	41.0	adadelta	0.003954184146598082	0.0	no	256	0.0	1800.0		owa									3.406268618162835	0.07566697127190151				
0.0010623229461756375	34	57167d17	0.0.1-dev	wn18rr	True	1	rankbased	True	bceaftersigmoid		hits@10	kg2e	250.0	basic	41.0	adadelta	0.069904112315652	0.0	no	256	0.0	500.0		owa		0.002	50.0	2.0	1.0				4.884918701974544	0.031236929167172463				
0.0010623229461756375	0	cdfb85fc	0.0.1-dev	wn18rr	False	1	rankbased	True	bceaftersigmoid		hits@10	kg2e	450.0	basic	21.0	adadelta	0.09905502060292493	0.0	no	256	0.0	700.0		owa		0.002	50.0	2.0	1.0				3.9352899785454287	0.09736860131533227				
0.0008844003195252767	0	d50cd48b	0.0.1-dev	fb15k237	True	1	rankbased	True	bceaftersigmoid		hits@10	kg2e	50.0	basic	41.0	adam	0.024725193065280867	0.0	no	256	0.0	1600.0		owa									8.544698582213243	0.017070396849374187				
0.0009699874472212713	2	d50cd48b	0.0.1-dev	fb15k237	False	1	rankbased	True	bceaftersigmoid		hits@10	kg2e	450.0	basic	11.0	adam	0.011657386055089869	0.0	no	256	0.0	1700.0		owa									2.41011123391638	0.061214745355242975				
0.3323708869034648	23	cdfb85fc	0.0.1-dev	wn18rr	False	1	rankbased	True	bceaftersigmoid		hits@10	kg2e	50.0	basic	91.0	adam	0.0034355356673663366	0.0	no	256	0.0	600.0		owa		0.002	50.0	2.0	1.0				9.774655565671676	0.07825462051588107				
0.1672205273480061	23	57167d17	0.0.1-dev	wn18rr	True	1	rankbased	True	bceaftersigmoid		hits@10	kg2e	50.0	basic	51.0	adam	0.0064973014770686914	0.0	no	256	0.0	600.0		owa		0.002	50.0	2.0	1.0				4.970668868443955	0.08812486614248731				
0.25955722925938607	5	d50cd48b	0.0.1-dev	fb15k237	False	1	rankbased	True	marginranking	3.6074428789213036	hits@10	kg2e	250.0	basic	46.0	adadelta	0.03657014650934447	0.0	no	256	0.0	1700.0		owa									1.8576738210501236	0.053038887042502376				
0.265576857240671	2	d50cd48b	0.0.1-dev	fb15k237	True	1	rankbased	True	marginranking	4.581284502484582	hits@10	kg2e	50.0	basic	11.0	adadelta	0.010631251272184832	0.0	no	256	0.0	1900.0		owa									1.1147867602245638	0.05059117841159334				
0.020597261567516525	42	57167d17	0.0.1-dev	wn18rr	False	1	rankbased	True	marginranking	7.285303483520967	hits@10	kg2e	50.0	basic	6.0	adadelta	0.009154560267397444	0.0	no	256	0.0	1400.0		owa		0.002	50.0	2.0	1.0				1.1474089688687932	0.023237903305480055				
0.025928548945546113	13	57167d17	0.0.1-dev	wn18rr	True	1	rankbased	True	marginranking	6.17187461539394	hits@10	kg2e	50.0	basic	21.0	adadelta	0.03604136711840279	0.0	no	256	0.0	1000.0		owa		0.002	50.0	2.0	1.0				5.888051106259677	0.07066215079220549				
0.25639050553463427	0	d50cd48b	0.0.1-dev	fb15k237	True	1	rankbased	True	marginranking	0.6561525107277582	hits@10	kg2e	350.0	basic	6.0	adam	0.004913260291953821	0.0	no	256	0.0	2000.0		owa									7.08017634119046	0.010031977396167591				
0.36910875271025906	3	d50cd48b	0.0.1-dev	fb15k237	False	1	rankbased	True	marginranking	6.563114697517886	hits@10	kg2e	50.0	basic	41.0	adam	0.0012849176786056864	0.0	no	256	0.0	2000.0		owa									4.4548848985841065	0.05987083520971434				
0.39486082029806624	4	57167d17	0.0.1-dev	wn18rr	True	1	rankbased	True	marginranking	8.232526610503848	hits@10	kg2e	150.0	basic	16.0	adam	0.006805666175425465	0.0	no	256	0.0	1900.0		owa		0.002	50.0	2.0	1.0				7.980620698277438	0.01422614403557563				
0.387003028230927	7	57167d17	0.0.1-dev	wn18rr	False	1	rankbased	True	marginranking	7.936574586429951	hits@10	kg2e	450.0	basic	41.0	adam	0.0033454065955083926	0.0	no	256	0.0	2000.0		owa		0.002	50.0	2.0	1.0				3.7563581856804484	0.014219051352051641				
0.18638023507931073	2	d50cd48b	0.0.1-dev	fb15k237	False	1	rankbased	True	nssa	21.017621419898536	hits@10	kg2e	250.0	basic	50.0	adadelta	0.03376378623239313	0.0	no	256	0.0	1700.0		owa	0.3417877167701546								2.1766334896783865	0.09268514002434713				
0.2321693483966678	0	d50cd48b	0.0.1-dev	fb15k237	True	1	rankbased	True	nssa	19.266712681030747	hits@10	kg2e	450.0	basic	20.0	adadelta	0.036417600729069216	0.0	no	256	0.0	1400.0		owa	0.43470131577414567								7.196259000004945	0.02385744849362662				
0.020927762039660056	20	57167d17	0.0.1-dev	wn18rr	False	1	rankbased	True	nssa	1.83601438850288	hits@10	kg2e	150.0	basic	30.0	adadelta	0.05029226492953709	0.0	no	256	0.0	1700.0		owa	0.8240040362169172	0.002	50.0	2.0	1.0				8.83595095094909	0.019328319699556163				
0.01937755744412968	7	57167d17	0.0.1-dev	wn18rr	True	1	rankbased	True	nssa	7.343611184709175	hits@10	kg2e	350.0	basic	80.0	adadelta	0.0015500407903070825	0.0	no	256	0.0	600.0		owa	0.978939748644391	0.002	50.0	2.0	1.0				8.236677199078889	0.04605122871695948				
0.30309254821408194	0	d50cd48b	0.0.1-dev	fb15k237	True	1	rankbased	True	nssa	12.129717418096408	hits@10	kg2e	450.0	basic	90.0	adam	0.014589254489433412	0.0	no	256	0.0	1300.0		owa	0.9844851495838446								5.541990600001748	0.036675768580487135				
0.29459089352961315	2	d50cd48b	0.0.1-dev	fb15k237	False	1	rankbased	True	nssa	12.628015727965048	hits@10	kg2e	350.0	basic	30.0	adam	0.020884764003939252	0.0	no	256	0.0	1900.0		owa	0.20423933333599595								5.993770824524811	0.0978771321666065				
0.4148612541849086	4	57167d17	0.0.1-dev	wn18rr	True	1	rankbased	True	nssa	7.422713970792912	hits@10	kg2e	250.0	basic	90.0	adam	0.005689186805998501	0.0	no	256	0.0	2000.0		owa	0.6681290779371044	0.002	50.0	2.0	1.0				2.5454583329895453	0.01940040453832097				
0.42402781354622715	8	57167d17	0.0.1-dev	wn18rr	False	1	rankbased	True	nssa	4.21644876291462	hits@10	kg2e	350.0	basic	80.0	adam	0.005732383930538795	0.0	no	256	0.0	1500.0		owa	0.9027928621782145	0.002	50.0	2.0	1.0				5.594664140404952	0.06597887796941149				
0.18891931986762525	3	d50cd48b	0.0.1-dev	fb15k237	False	1	rankbased	True	softplus		hits@10	kg2e	450.0	basic	1.0	adadelta	0.07465162251513097	0.0	no	256	0.0	600.0		owa									9.957635534300387	0.05784399191890968				
0.13360150633344745	1	d50cd48b	0.0.1-dev	fb15k237	True	1	rankbased	True	softplus		hits@10	kg2e	50.0	basic	11.0	adadelta	0.03545704894681369	0.0	no	256	0.0	900.0		owa									1.9282221571533638	0.09216751592048811				
0.018170148725212464	5	d4b2744d	0.0.1-dev	wn18rr	False	1	rankbased	True	softplus		hits@10	kg2e	50.0	basic	1.0	adadelta	0.051081879586480985	0.0	no	256	0.0	500.0		owa		0.002	50.0	2.0	1.0				1.8169752705129845	0.055028193004578056				
0.017755969243221367	10	57167d17	0.0.1-dev	wn18rr	True	1	rankbased	True	softplus		hits@10	kg2e	450.0	basic	21.0	adadelta	0.029868915198999327	0.0	no	256	0.0	800.0		owa		0.002	50.0	2.0	1.0				9.910729668558014	0.047683655793240166				
0.37729658792650916	1	d50cd48b	0.0.1-dev	fb15k237	False	1	rankbased	True	softplus		hits@10	kg2e	250.0	basic	81.0	adam	0.001216560558121156	0.0	no	256	0.0	1100.0		owa									6.08780267131061	0.024095627090932763				
0.34491612461485793	0	d50cd48b	0.0.1-dev	fb15k237	True	1	rankbased	True	softplus		hits@10	kg2e	350.0	basic	91.0	adam	0.005594597286628781	0.0	no	256	0.0	500.0		owa									7.263611709223021	0.0452567446708886				
0.39115275659185006	2	57167d17	0.0.1-dev	wn18rr	True	1	rankbased	True	softplus		hits@10	kg2e	450.0	basic	11.0	adam	0.0015713132807965858	0.0	no	256	0.0	600.0		owa		0.002	50.0	2.0	1.0				9.963827032095843	0.031419091762503626				
0.416644923214552	3	d4b2744d	0.0.1-dev	wn18rr	False	1	rankbased	True	softplus		hits@10	kg2e	150.0	basic	41.0	adam	0.0016608128177311896	0.0	no	256	0.0	1200.0		owa		0.002	50.0	2.0	1.0				2.685853230462319	0.01246516308055635				
0.0	0	UNHASHED	0.0.1-dev	wn18rr	False	1	rankbased	True	bceaftersigmoid		hits@10	ntn	50.0	basic	31.0	adadelta	0.013470487102159999	0.0	no	256	0.0	1200.0		owa		0.002	50.0	2.0	1.0	4.0								
0.0	0	UNHASHED	0.0.1-dev	wn18rr	True	1	rankbased	True	bceaftersigmoid		hits@10	ntn	50.0	basic	31.0	adadelta	0.007967060045047826	0.0	no	256	0.0	1700.0		owa		0.002	50.0	2.0	1.0	4.0								
4.426345609065156e-05	0	UNHASHED	0.0.1-dev	wn18rr	True	1	rankbased	True	bceaftersigmoid		hits@10	ntn	250.0	basic	71.0	adam	0.021792232878401346	0.0	no	256	0.0	1400.0		owa		0.002	50.0	2.0	1.0	4.0								
0.0022308781869688384	7	UNHASHED	0.0.1-dev	wn18rr	False	1	rankbased	True	bceaftersigmoid		hits@10	ntn	50.0	basic	41.0	adam	0.017182786052828126	0.0	no	256	0.0	600.0		owa		0.002	50.0	2.0	1.0	4.0								
0.0	0	UNHASHED	0.0.1-dev	wn18rr	False	1	rankbased	True	marginranking	5.090898206110449	hits@10	ntn	350.0	basic	26.0	adadelta	0.0011923804168337832	0.0	no	256	0.0	800.0		owa		0.002	50.0	2.0	1.0	4.0								
0.0	0	UNHASHED	0.0.1-dev	wn18rr	True	1	rankbased	True	marginranking	1.7265136719809244	hits@10	ntn	50.0	basic	26.0	adadelta	0.001961539335695811	0.0	no	256	0.0	1000.0		owa		0.002	50.0	2.0	1.0	4.0								
0.0038597733711048157	0	UNHASHED	0.0.1-dev	wn18rr	False	1	rankbased	True	marginranking	3.7754706083421548	hits@10	ntn	50.0	basic	46.0	adam	0.01232241312913111	0.0	no	256	0.0	1100.0		owa		0.002	50.0	2.0	1.0	4.0								
0.002301699716713881	0	UNHASHED	0.0.1-dev	wn18rr	True	1	rankbased	True	marginranking	1.8812113437015339	hits@10	ntn	250.0	basic	31.0	adam	0.004768321505474757	0.0	no	256	0.0	500.0		owa		0.002	50.0	2.0	1.0	4.0								
0.0	0	UNHASHED	0.0.1-dev	wn18rr	False	1	rankbased	True	nssa	22.513590471169653	hits@10	ntn	450.0	basic	80.0	adadelta	0.006199225239407958	0.0	no	256	0.0	1000.0		owa	0.9224823041840663	0.002	50.0	2.0	1.0	4.0								
0.0	0	UNHASHED	0.0.1-dev	wn18rr	True	1	rankbased	True	nssa	3.2636189458777984	hits@10	ntn	50.0	basic	60.0	adadelta	0.035184659332530184	0.0	no	256	0.0	1000.0		owa	0.20521619396132385	0.002	50.0	2.0	1.0	4.0								
0.0002213172804532578	0	UNHASHED	0.0.1-dev	wn18rr	False	1	rankbased	True	nssa	12.762994598205085	hits@10	ntn	50.0	basic	90.0	adam	0.0016047775918655843	0.0	no	256	0.0	600.0		owa	0.7684303789371829	0.002	50.0	2.0	1.0	4.0								
0.0002655807365439094	1	UNHASHED	0.0.1-dev	wn18rr	True	1	rankbased	True	nssa	28.419582501901644	hits@10	ntn	450.0	basic	10.0	adam	0.012113344203597158	0.0	no	256	0.0	1100.0		owa	0.8275542187144683	0.002	50.0	2.0	1.0	4.0								
0.0	0	UNHASHED	0.0.1-dev	wn18rr	False	1	rankbased	True	softplus		hits@10	ntn	450.0	basic	31.0	adadelta	0.028929963218262616	0.0	no	256	0.0	1600.0		owa		0.002	50.0	2.0	1.0	4.0								
0.0	0	UNHASHED	0.0.1-dev	wn18rr	True	1	rankbased	True	softplus		hits@10	ntn	150.0	basic	21.0	adadelta	0.02906051572023319	0.0	no	256	0.0	1300.0		owa		0.002	50.0	2.0	1.0	4.0								
0.0	0	UNHASHED	0.0.1-dev	wn18rr	True	1	rankbased	True	softplus		hits@10	ntn	150.0	basic	91.0	adam	0.015304637603218638	0.0	no	256	0.0	1100.0		owa		0.002	50.0	2.0	1.0	4.0								
0.0	0	UNHASHED	0.0.1-dev	wn18rr	False	1	rankbased	True	softplus		hits@10	ntn	150.0	basic	41.0	adam	0.004522867312380865	0.0	no	256	0.0	900.0		owa		0.002	50.0	2.0	1.0	4.0								
0.01102792391744233	91	UNHASHED	0.0.1-dev	wn18rr	False	8	rankbased	True	bceaftersigmoid		hits@10	proje	350.0	basic	11.0	adadelta	0.07225157783585151	0.0	no	256	0.0	1500.0	128.0	owa		0.002	50.0	2.0										
0.012975515985430999	31	UNHASHED	0.0.1-dev	wn18rr	True	8	rankbased	True	bceaftersigmoid		hits@10	proje	450.0	basic	1.0	adadelta	0.02146497546331116	0.0	no	256	0.0	700.0	128.0	owa		0.002	50.0	2.0										
0.4091993439689876	3	UNHASHED	0.0.1-dev	wn18rr	False	8	rankbased	True	bceaftersigmoid		hits@10	proje	450.0	basic	1.0	adam	0.0036036035212233188	0.0	no	256	0.0	1000.0	128.0	owa		0.002	50.0	2.0										
0.40722379603399433	5	UNHASHED	0.0.1-dev	wn18rr	True	8	rankbased	True	bceaftersigmoid		hits@10	proje	150.0	basic	1.0	adam	0.009460151628493604	0.0	no	256	0.0	600.0	128.0	owa		0.002	50.0	2.0										
0.019940686968838526	32	UNHASHED	0.0.1-dev	wn18rr	True	32	rankbased	True	marginranking	8.502662293882073	hits@10	proje	150.0	basic	46.0	adadelta	0.03336895223545603	0.0	no	256	0.0	1600.0	128.0	owa		0.002	50.0	2.0										
0.021534171388101982	1	UNHASHED	0.0.1-dev	wn18rr	False	32	rankbased	True	marginranking	9.720203256207272	hits@10	proje	50.0	basic	11.0	adadelta	0.042062940146308944	0.0	no	256	0.0	1900.0	128.0	owa		0.002	50.0	2.0										
0.41665486307837585	5	UNHASHED	0.0.1-dev	wn18rr	True	32	rankbased	True	marginranking	5.909831185597952	hits@10	proje	350.0	basic	31.0	adam	0.004064813750774488	0.0	no	256	0.0	2000.0	128.0	owa		0.002	50.0	2.0										
0.39386508498583567	5	UNHASHED	0.0.1-dev	wn18rr	False	32	rankbased	True	marginranking	2.1757870895531157	hits@10	proje	350.0	basic	26.0	adam	0.004207971324597486	0.0	no	256	0.0	1600.0	128.0	owa		0.002	50.0	2.0										
0.01429077296641036	0	UNHASHED	0.0.1-dev	wn18rr	True	32	rankbased	True	nssa	11.12565537566656	hits@10	proje	450.0	basic	60.0	adadelta	0.07284920460624274	0.0	no	256	0.0	800.0	128.0	owa	0.3106620909454795	0.002	50.0	2.0										
0.011419971671388102	20	UNHASHED	0.0.1-dev	wn18rr	False	32	rankbased	True	nssa	4.6915415723561775	hits@10	proje	450.0	basic	10.0	adadelta	0.015507713660971636	0.0	no	256	0.0	700.0	128.0	owa	0.5399894947216611	0.002	50.0	2.0										
0.405589453039878	8	UNHASHED	0.0.1-dev	wn18rr	True	32	rankbased	True	nssa	1.3646301529369138	hits@10	proje	250.0	basic	10.0	adam	0.00248769976532011	0.0	no	256	0.0	600.0	128.0	owa	0.8749913879432798	0.002	50.0	2.0										
0.3875323315679271	9	UNHASHED	0.0.1-dev	wn18rr	False	32	rankbased	True	nssa	29.36834131012985	hits@10	proje	350.0	basic	10.0	adam	0.005067326391861185	0.0	no	256	0.0	1100.0	128.0	owa	0.8223212845506214	0.002	50.0	2.0										
0.013101983002832862	2	UNHASHED	0.0.1-dev	wn18rr	True	8	rankbased	True	softplus		hits@10	proje	450.0	basic	1.0	adadelta	0.08158377730912528	0.0	no	256	0.0	1800.0	128.0	owa		0.002	50.0	2.0										
0.012140833670578713	26	UNHASHED	0.0.1-dev	wn18rr	False	8	rankbased	True	softplus		hits@10	proje	450.0	basic	41.0	adadelta	0.023921108646494674	0.0	no	256	0.0	1600.0	128.0	owa		0.002	50.0	2.0										
0.02013987252124646	85	UNHASHED	0.0.1-dev	wn18rr	True	8	rankbased	True	softplus		hits@10	proje	50.0	basic	81.0	adam	0.006580126022718423	0.0	no	256	0.0	1800.0	128.0	owa		0.002	50.0	2.0										
0.0726363314447592	59	UNHASHED	0.0.1-dev	wn18rr	False	8	rankbased	True	softplus		hits@10	proje	350.0	basic	81.0	adam	0.0459846411613057	0.0	no	256	0.0	1400.0	128.0	owa		0.002	50.0	2.0										
0.0010623229461756375	8	UNHASHED	0.0.1-dev	wn18rr	False	1	rankbased	True	bceaftersigmoid		hits@10	rescal	150.0	basic	31.0	adadelta	0.01284515930183946	0.0	lp	256	0.0	1200.0		owa		0.002	50.0	2.0	1.0						0.0	False	2.0	0.0011151001470241719
0.000708215297450425	9	UNHASHED	0.0.1-dev	wn18rr	True	1	rankbased	True	bceaftersigmoid		hits@10	rescal	250.0	basic	21.0	adadelta	0.04127305514725733	0.0	lp	256	0.0	900.0		owa		0.002	50.0	2.0	1.0						0.0	False	2.0	0.00011492166906860135
0.40556872767582214	1	UNHASHED	0.0.1-dev	wn18rr	True	1	rankbased	True	bceaftersigmoid		hits@10	rescal	350.0	basic	51.0	adam	0.00111966699509525	0.0	lp	256	0.0	1100.0		owa		0.002	50.0	2.0	1.0						0.0	False	2.0	0.0019705332298010836
0.4282778051484173	6	UNHASHED	0.0.1-dev	wn18rr	False	1	rankbased	True	bceaftersigmoid		hits@10	rescal	50.0	basic	51.0	adam	0.0029149602737737076	0.0	lp	256	0.0	1100.0		owa		0.002	50.0	2.0	1.0						0.0	False	2.0	0.00011529089218121944
0.0006196883852691218	4	UNHASHED	0.0.1-dev	wn18rr	True	1	rankbased	True	marginranking	2.876092414606027	hits@10	rescal	250.0	basic	21.0	adadelta	0.08767799080954222	0.0	lp	256	0.0	500.0		owa		0.002	50.0	2.0	1.0						0.0	False	2.0	0.006098048221764081
0.0008852691218130312	0	UNHASHED	0.0.1-dev	wn18rr	False	1	rankbased	True	marginranking	9.16832376667968	hits@10	rescal	350.0	basic	11.0	adadelta	0.0022587729744953516	0.0	lp	256	0.0	1900.0		owa		0.002	50.0	2.0	1.0						0.0	False	2.0	0.0002805230166383855
0.3324927264374856	4	UNHASHED	0.0.1-dev	wn18rr	False	1	rankbased	True	marginranking	4.843893482245871	hits@10	rescal	50.0	basic	11.0	adam	0.0050151626837328074	0.0	lp	256	0.0	2000.0		owa		0.002	50.0	2.0	1.0						0.0	False	2.0	0.00010079311109576388
0.30284251867113055	2	UNHASHED	0.0.1-dev	wn18rr	True	1	rankbased	True	marginranking	2.9056599966681675	hits@10	rescal	450.0	basic	11.0	adam	0.0938488461488395	0.0	lp	256	0.0	500.0		owa		0.002	50.0	2.0	1.0						0.0	False	2.0	0.0093497573342161
0.000708215297450425	10	UNHASHED	0.0.1-dev	wn18rr	True	1	rankbased	True	nssa	29.19180255121014	hits@10	rescal	50.0	basic	60.0	adadelta	0.001545990277626471	0.0	lp	256	0.0	1000.0		owa	0.13663874162526773	0.002	50.0	2.0	1.0						0.0	False	2.0	0.01448200652975645
0.000708215297450425	14	UNHASHED	0.0.1-dev	wn18rr	False	1	rankbased	True	nssa	1.8128369803932582	hits@10	rescal	250.0	basic	30.0	adadelta	0.0012410429580535182	0.0	lp	256	0.0	1900.0		owa	0.4891191323853278	0.002	50.0	2.0	1.0						0.0	False	2.0	0.0003751343658794159
0.27927433842327093	0	UNHASHED	0.0.1-dev	wn18rr	False	1	rankbased	True	nssa	24.217267347539448	hits@10	rescal	450.0	basic	80.0	adam	0.001356229737543167	0.0	lp	256	0.0	2000.0		owa	0.6706309693217292	0.002	50.0	2.0	1.0						0.0	False	2.0	0.0006214974518508882
0.3941808309726157	3	UNHASHED	0.0.1-dev	wn18rr	True	1	rankbased	True	nssa	1.4037632857377982	hits@10	rescal	250.0	basic	20.0	adam	0.0033006598111632074	0.0	lp	256	0.0	1600.0		owa	0.6563340170447375	0.002	50.0	2.0	1.0						0.0	False	2.0	0.0013297941462849466
0.0005311614730878187	1	UNHASHED	0.0.1-dev	wn18rr	True	1	rankbased	True	softplus		hits@10	rescal	250.0	basic	31.0	adadelta	0.0020989368122104543	0.0	lp	256	0.0	1100.0		owa		0.002	50.0	2.0	1.0						0.0	False	2.0	0.045466838410099936
0.0004868980169971671	11	UNHASHED	0.0.1-dev	wn18rr	False	1	rankbased	True	softplus		hits@10	rescal	450.0	basic	91.0	adadelta	0.023203718980612516	0.0	lp	256	0.0	1000.0		owa		0.002	50.0	2.0	1.0						0.0	False	2.0	0.005130344177318683
0.08781869688385269	9	UNHASHED	0.0.1-dev	wn18rr	False	1	rankbased	True	softplus		hits@10	rescal	350.0	basic	1.0	adam	0.03963635921358517	0.0	lp	256	0.0	800.0		owa		0.002	50.0	2.0	1.0						0.0	False	2.0	0.00845274567919344
0.06788243626062324	2	UNHASHED	0.0.1-dev	wn18rr	True	1	rankbased	True	softplus		hits@10	rescal	350.0	basic	61.0	adam	0.07353461884402215	0.0	lp	256	0.0	1600.0		owa		0.002	50.0	2.0	1.0						0.0	False	2.0	0.0004066735515490601
0.04299326714595458	1	d50cd48b	0.0.1-dev	fb15k237	True	16	rankbased	True	bceaftersigmoid		hits@10	rotate	250.0	basic	71.0	adadelta	0.009474377788586523	0.0	no	256	0.0	500.0	64.0	owa														
0.06538856555973982	2	d50cd48b	0.0.1-dev	fb15k237	False	16	rankbased	True	bceaftersigmoid		hits@10	rotate	450.0	basic	21.0	adadelta	0.0032617422940555045	0.0	no	256	0.0	1800.0	64.0	owa														
0.01504957507082153	41	80fad45a	0.0.1-dev	wn18rr	False	16	rankbased	True	bceaftersigmoid		hits@10	rotate	250.0	basic	1.0	adadelta	0.03920711324388641	0.0	no	256	0.0	1900.0	64.0	owa		0.002	50.0	2.0										
0.015302509105625252	11	80fad45a	0.0.1-dev	wn18rr	True	16	rankbased	True	bceaftersigmoid		hits@10	rotate	350.0	basic	1.0	adadelta	0.052417285350758853	0.0	no	256	0.0	600.0	64.0	owa		0.002	50.0	2.0										
0.17941914869336986	0	d50cd48b	0.0.1-dev	fb15k237	True	16	rankbased	True	bceaftersigmoid		hits@10	rotate	150.0	basic	61.0	adam	0.04083451139784422	0.0	no	256	0.0	1300.0	64.0	owa														
0.3198961542850622	3	d50cd48b	0.0.1-dev	fb15k237	False	16	rankbased	True	bceaftersigmoid		hits@10	rotate	50.0	basic	41.0	adam	0.005429578147276427	0.0	no	256	0.0	1500.0	64.0	owa														
0.4582048825195801	2	afe93e15	0.0.1-dev	wn18rr	True	16	rankbased	True	bceaftersigmoid		hits@10	rotate	150.0	basic	91.0	adam	0.005560524898040282	0.0	no	256	0.0	800.0	64.0	owa		0.002	50.0	2.0										
0.459985835694051	11	80fad45a	0.0.1-dev	wn18rr	False	16	rankbased	True	bceaftersigmoid		hits@10	rotate	350.0	basic	81.0	adam	0.0023837061210799622	0.0	no	256	0.0	1100.0	64.0	owa		0.002	50.0	2.0										
0.22195595115827912	0	d50cd48b	0.0.1-dev	fb15k237	False	16	rankbased	True	marginranking	4.710798772832941	hits@10	rotate	450.0	basic	16.0	adadelta	0.09595704518764163	0.0	no	256	0.0	1400.0	64.0	owa														
0.06476092662330252	1	d50cd48b	0.0.1-dev	fb15k237	True	16	rankbased	True	marginranking	2.5494906020735706	hits@10	rotate	450.0	basic	36.0	adadelta	0.001609737211783509	0.0	no	256	0.0	1000.0	64.0	owa														
0.016010724403075677	11	80fad45a	0.0.1-dev	wn18rr	False	16	rankbased	True	marginranking	9.302836319020017	hits@10	rotate	350.0	basic	41.0	adadelta	0.07287517417876418	0.0	no	256	0.0	1400.0	64.0	owa		0.002	50.0	2.0										
0.015757790368271955	11	80fad45a	0.0.1-dev	wn18rr	True	16	rankbased	True	marginranking	3.5711806320203068	hits@10	rotate	250.0	basic	41.0	adadelta	0.015132381889912545	0.0	no	256	0.0	1700.0	64.0	owa		0.002	50.0	2.0										
0.25022823234052266	0	d50cd48b	0.0.1-dev	fb15k237	False	16	rankbased	True	marginranking	7.6398968027155805	hits@10	rotate	50.0	basic	46.0	adam	0.0016589700026483562	0.0	no	256	0.0	700.0	64.0	owa														
0.2665753737304576	1	d50cd48b	0.0.1-dev	fb15k237	True	16	rankbased	True	marginranking	7.186403057530202	hits@10	rotate	150.0	basic	16.0	adam	0.049782718929450374	0.0	no	256	0.0	900.0	64.0	owa														
0.46830736543909346	2	80fad45a	0.0.1-dev	wn18rr	True	16	rankbased	True	marginranking	9.483760901100345	hits@10	rotate	350.0	basic	26.0	adam	0.001225860002763456	0.0	no	256	0.0	1600.0	64.0	owa		0.002	50.0	2.0										
0.46195113314447594	5	afe93e15	0.0.1-dev	wn18rr	False	16	rankbased	True	marginranking	6.802514145828494	hits@10	rotate	250.0	basic	6.0	adam	0.00304895705278342	0.0	no	256	0.0	2000.0	64.0	owa		0.002	50.0	2.0										
0.0650176880063905	0	d50cd48b	0.0.1-dev	fb15k237	False	1	rankbased	True	nssa	2.954918396555643	hits@10	rotate	350.0	basic	80.0	adadelta	0.001126777600659267	0.0	no	256	0.0	500.0	64.0	owa	0.5869573515646813													
0.00028529042565331506	1	d50cd48b	0.0.1-dev	fb15k237	True	1	rankbased	True	nssa	17.639548313429373	hits@10	rotate	150.0	basic	80.0	adadelta	0.0034110195025786943	0.0	no	256	0.0	600.0	64.0	owa	0.12410961228627845													
0.0162636584378794	21	708b3731	0.0.1-dev	wn18rr	False	1	rankbased	True	nssa	1.9246615359868406	hits@10	rotate	350.0	basic	20.0	adadelta	0.06774373133372914	0.0	no	256	0.0	1400.0	64.0	owa	0.32353722177588284	0.002	50.0	2.0	1.0									
0.015226628895184136	14	aab5d36e	0.0.1-dev	wn18rr	True	1	rankbased	True	nssa	1.7710443202568171	hits@10	rotate	250.0	basic	50.0	adadelta	0.02133181675529009	0.0	no	256	0.0	600.0	64.0	owa	0.28245628564453906	0.002	50.0	2.0	1.0									
0.4774620563733881	1	d50cd48b	0.0.1-dev	fb15k237	False	1	rankbased	True	nssa	24.02903407002484	hits@10	rotate	150.0	basic	40.0	adam	0.0021113325264497714	0.0	no	256	0.0	2000.0	64.0	owa	0.9154555852207423													
0.21425310966563962	0	d50cd48b	0.0.1-dev	fb15k237	True	1	rankbased	True	nssa	10.782020573388063	hits@10	rotate	450.0	basic	60.0	adam	0.046532169086261004	0.0	no	256	0.0	1500.0	64.0	owa	0.46119390393602866													
0.5511316690273843	2	708b3731	0.0.1-dev	wn18rr	True	1	rankbased	True	nssa	14.664601842911763	hits@10	rotate	450.0	basic	90.0	adam	0.007606492860667695	0.0	no	256	0.0	1200.0	64.0	owa	0.6806293990793814	0.002	50.0	2.0	1.0									
0.5509206798866856	0	2abd3ee6	0.0.1-dev	wn18rr	False	1	rankbased	True	nssa	11.29894229430273	hits@10	rotate	350.0	basic	100.0	adam	0.01294887301220003	0.0	no	256	0.0	2000.0	64.0	owa	0.7507142606967848	0.002	50.0	2.0	1.0									
0.03822891703754422	0	d50cd48b	0.0.1-dev	fb15k237	True	16	rankbased	True	softplus		hits@10	rotate	350.0	basic	31.0	adadelta	0.07542283877609725	0.0	no	256	0.0	1700.0	64.0	owa														
0.06630149492183042	0	d50cd48b	0.0.1-dev	fb15k237	False	16	rankbased	True	softplus		hits@10	rotate	450.0	basic	51.0	adadelta	0.0061962851740992786	0.0	no	256	0.0	1600.0	64.0	owa														
0.014026597418948693	4	80fad45a	0.0.1-dev	wn18rr	True	16	rankbased	True	softplus		hits@10	rotate	150.0	basic	11.0	adadelta	0.08749899050137618	0.0	no	256	0.0	1400.0	64.0	owa		0.002	50.0	2.0										
0.015302509105625252	42	1d290076	0.0.1-dev	wn18rr	False	16	rankbased	True	softplus		hits@10	rotate	350.0	basic	1.0	adadelta	0.03562089962585325	0.0	no	256	0.0	1100.0	64.0	owa		0.002	50.0	2.0										
0.32249229715850736	1	d50cd48b	0.0.1-dev	fb15k237	True	16	rankbased	True	softplus		hits@10	rotate	450.0	basic	31.0	adam	0.0017970678271932983	0.0	no	256	0.0	2000.0	64.0	owa														
0.2927365057628666	1	d50cd48b	0.0.1-dev	fb15k237	False	16	rankbased	True	softplus		hits@10	rotate	50.0	basic	71.0	adam	0.017130793560372098	0.0	no	256	0.0	1400.0	64.0	owa														
0.45323055131837003	4	80fad45a	0.0.1-dev	wn18rr	False	16	rankbased	True	softplus		hits@10	rotate	450.0	basic	81.0	adam	0.0011958400969839607	0.0	no	256	0.0	600.0	64.0	owa		0.002	50.0	2.0										
0.40820440183046414	1	80fad45a	0.0.1-dev	wn18rr	True	16	rankbased	True	softplus		hits@10	rotate	350.0	basic	71.0	adam	0.008923117640129562	0.0	no	256	0.0	2000.0	64.0	owa		0.002	50.0	2.0										
0.009147780925401323	3	UNHASHED	0.0.1-dev	wn18rr	True	1	rankbased	True	bceaftersigmoid		hits@10	se	350.0	basic	61.0	adadelta	0.06914748290916292	0.0	no	256	0.0	2000.0		owa		0.002	50.0	2.0	1.0			1.0						
0.018701310198300285	21	UNHASHED	0.0.1-dev	wn18rr	False	1	rankbased	True	bceaftersigmoid		hits@10	se	350.0	basic	21.0	adadelta	0.09585226171349802	0.0	no	256	0.0	1800.0		owa		0.002	50.0	2.0	1.0			1.0						
0.3951536094558953	7	UNHASHED	0.0.1-dev	wn18rr	True	1	rankbased	True	bceaftersigmoid		hits@10	se	150.0	basic	61.0	adam	0.0012981679153410029	0.0	no	256	0.0	1700.0		owa		0.002	50.0	2.0	1.0			2.0						
0.40131578947368424	1	UNHASHED	0.0.1-dev	wn18rr	False	1	rankbased	True	bceaftersigmoid		hits@10	se	450.0	basic	61.0	adam	0.0016243462949439384	0.0	no	256	0.0	900.0		owa		0.002	50.0	2.0	1.0			2.0						
0.28433116838250533	2	UNHASHED	0.0.1-dev	wn18rr	False	1	rankbased	True	marginranking	3.8210252331016283	hits@10	se	150.0	basic	26.0	adadelta	0.09526597800223283	0.0	no	256	0.0	2000.0		owa		0.002	50.0	2.0	1.0			1.0						
0.27405785904369473	1	UNHASHED	0.0.1-dev	wn18rr	True	1	rankbased	True	marginranking	4.79605847034241	hits@10	se	350.0	basic	41.0	adadelta	0.010180808670083245	0.0	no	256	0.0	1600.0		owa		0.002	50.0	2.0	1.0			1.0						
0.13126433292863887	2	UNHASHED	0.0.1-dev	wn18rr	False	1	rankbased	True	marginranking	5.940755297874494	hits@10	se	450.0	basic	26.0	adam	0.007221682235083216	0.0	no	256	0.0	1100.0		owa		0.002	50.0	2.0	1.0			2.0						
0.31670622463823594	3	UNHASHED	0.0.1-dev	wn18rr	True	1	rankbased	True	marginranking	7.920845477457747	hits@10	se	50.0	basic	16.0	adam	0.001547715664852187	0.0	no	256	0.0	1800.0		owa		0.002	50.0	2.0	1.0			1.0						
0.2839353163361662	5	UNHASHED	0.0.1-dev	wn18rr	False	1	rankbased	True	nssa	9.029994712361578	hits@10	se	450.0	basic	80.0	adadelta	0.03623667437392176	0.0	no	256	0.0	1900.0		owa	0.541307065491086	0.002	50.0	2.0	1.0			1.0						
0.0006639518413597734	4	UNHASHED	0.0.1-dev	wn18rr	True	1	rankbased	True	nssa	11.758779870117326	hits@10	se	250.0	basic	30.0	adadelta	0.011350132314951933	0.0	no	256	0.0	600.0		owa	0.6383441886292693	0.002	50.0	2.0	1.0			1.0						
0.46981232294617564	2	UNHASHED	0.0.1-dev	wn18rr	False	1	rankbased	True	nssa	18.287972940637435	hits@10	se	450.0	basic	80.0	adam	0.0010702147430317452	0.0	no	256	0.0	1400.0		owa	0.3105778421550961	0.002	50.0	2.0	1.0			1.0						
0.4644195585457979	3	UNHASHED	0.0.1-dev	wn18rr	True	1	rankbased	True	nssa	21.15747311125146	hits@10	se	350.0	basic	50.0	adam	0.0010779890268735966	0.0	no	256	0.0	1800.0		owa	0.9048859899963089	0.002	50.0	2.0	1.0			1.0						
0.031471317280453256	0	UNHASHED	0.0.1-dev	wn18rr	False	1	rankbased	True	softplus		hits@10	se	350.0	basic	51.0	adadelta	0.0018295304794211126	0.0	no	256	0.0	800.0		owa		0.002	50.0	2.0	1.0			1.0						
0.02782274382840955	2	UNHASHED	0.0.1-dev	wn18rr	True	1	rankbased	True	softplus		hits@10	se	450.0	basic	71.0	adadelta	0.009793656060490978	0.0	no	256	0.0	1800.0		owa		0.002	50.0	2.0	1.0			1.0						
0.01942533387292594	11	UNHASHED	0.0.1-dev	wn18rr	False	1	rankbased	True	softplus		hits@10	se	450.0	basic	91.0	adam	0.001662248803223618	0.0	no	256	0.0	1600.0		owa		0.002	50.0	2.0	1.0			1.0						
0.016318460812086873	4	UNHASHED	0.0.1-dev	wn18rr	True	1	rankbased	True	softplus		hits@10	se	150.0	basic	41.0	adam	0.006107943963177312	0.0	no	256	0.0	2000.0		owa		0.002	50.0	2.0	1.0			1.0						
0.0006561679790026247	3	d50cd48b	0.0.1-dev	fb15k237	True	1	rankbased	True	bceaftersigmoid		hits@10	simple	250.0	basic	91.0	adadelta	0.07232199867727608	0.0	no	256	0.0	1700.0	128.0	owa														
0.0007132260641332877	1	d50cd48b	0.0.1-dev	fb15k237	False	1	rankbased	True	bceaftersigmoid		hits@10	simple	450.0	basic	41.0	adadelta	0.04597313970805476	0.0	no	256	0.0	2000.0	128.0	owa														
0.000708215297450425	26	aab5d36e	0.0.1-dev	wn18rr	False	1	rankbased	True	bceaftersigmoid		hits@10	simple	150.0	basic	31.0	adadelta	0.08002801756105546	0.0	powersum	256	0.0	1800.0	128.0	owa		0.002	50.0	2.0	1.0						0.0	False	2.0	0.08705831369737589
0.0006639518413597734	17	aab5d36e	0.0.1-dev	wn18rr	True	1	rankbased	True	bceaftersigmoid		hits@10	simple	450.0	basic	41.0	adadelta	0.0039171822617840085	0.0	powersum	256	0.0	600.0	128.0	owa		0.002	50.0	2.0	1.0						0.0	False	2.0	0.05957945030403987
0.2307143672258359	1	d50cd48b	0.0.1-dev	fb15k237	True	1	rankbased	True	bceaftersigmoid		hits@10	simple	150.0	basic	81.0	adam	0.001370792132910357	0.0	no	256	0.0	1600.0	128.0	owa														
0.2118851991327171	4	d50cd48b	0.0.1-dev	fb15k237	False	1	rankbased	True	bceaftersigmoid		hits@10	simple	250.0	basic	81.0	adam	0.004097141830363277	0.0	no	256	0.0	500.0	128.0	owa														
0.0005311614730878187	15	aab5d36e	0.0.1-dev	wn18rr	True	1	rankbased	True	bceaftersigmoid		hits@10	simple	350.0	basic	91.0	adam	0.0034269539771763224	0.0	powersum	256	0.0	1200.0	128.0	owa		0.002	50.0	2.0	1.0						0.0	False	2.0	0.07319759492239171
0.01962768110076892	32	aab5d36e	0.0.1-dev	wn18rr	False	1	rankbased	True	bceaftersigmoid		hits@10	simple	450.0	basic	1.0	adam	0.009506500766352654	0.0	powersum	256	0.0	1600.0	128.0	owa		0.002	50.0	2.0	1.0						0.0	False	2.0	0.016938145387722654
0.08410361748259729	4	d50cd48b	0.0.1-dev	fb15k237	False	1	rankbased	True	marginranking	8.508809049518034	hits@10	simple	250.0	basic	36.0	adadelta	0.08856280276604937	0.0	no	256	0.0	700.0		owa														
0.0985107839780897	1	d50cd48b	0.0.1-dev	fb15k237	True	1	rankbased	True	marginranking	1.3727934284712155	hits@10	simple	150.0	basic	11.0	adadelta	0.0854647742250711	0.0	no	256	0.0	1800.0		owa														
0.0008410056657223796	14	aab5d36e	0.0.1-dev	wn18rr	False	1	rankbased	True	marginranking	5.731750460346452	hits@10	simple	350.0	basic	36.0	adadelta	0.02016782933457089	0.0	powersum	256	0.0	2000.0		owa		0.002	50.0	2.0	1.0						0.0	False	2.0	0.031652559870722144
0.0007524787535410764	10	aab5d36e	0.0.1-dev	wn18rr	True	1	rankbased	True	marginranking	9.26200152578934	hits@10	simple	350.0	basic	36.0	adadelta	0.006552695042243509	0.0	powersum	256	0.0	500.0		owa		0.002	50.0	2.0	1.0						0.0	False	2.0	0.03099399564119179
0.22007303434896724	5	d50cd48b	0.0.1-dev	fb15k237	False	1	rankbased	True	marginranking	4.931103650288334	hits@10	simple	150.0	basic	26.0	adam	0.0057271528697467825	0.0	no	256	0.0	1000.0		owa														
0.2654627410704097	1	d50cd48b	0.0.1-dev	fb15k237	True	1	rankbased	True	marginranking	5.502446371322168	hits@10	simple	50.0	basic	36.0	adam	0.03446218182360572	0.0	no	256	0.0	1200.0		owa														
0.14933225414811818	32	aab5d36e	0.0.1-dev	wn18rr	True	1	rankbased	True	marginranking	4.067233860222129	hits@10	simple	250.0	basic	1.0	adam	0.00753970182124374	0.0	powersum	256	0.0	500.0		owa		0.002	50.0	2.0	1.0						0.0	False	2.0	0.01027448965155632
0.1903328611898017	89	aab5d36e	0.0.1-dev	wn18rr	False	1	rankbased	True	marginranking	3.4556546515538455	hits@10	simple	350.0	basic	1.0	adam	0.0032520572754535172	0.0	powersum	256	0.0	1300.0		owa		0.002	50.0	2.0	1.0						0.0	False	2.0	0.017240662300519155
0.0006846970215679561	2	d50cd48b	0.0.1-dev	fb15k237	False	1	rankbased	True	nssa	28.423877175932933	hits@10	simple	450.0	basic	80.0	adadelta	0.019143635617722615	0.0	no	256	0.0	800.0	128.0	owa	0.9920874768821708													
0.0005420518087412986	1	d50cd48b	0.0.1-dev	fb15k237	True	1	rankbased	True	nssa	24.692235748609242	hits@10	simple	150.0	basic	20.0	adadelta	0.0012290146531468535	0.0	no	256	0.0	1900.0	128.0	owa	0.4449732723955074													
0.000708215297450425	61	aab5d36e	0.0.1-dev	wn18rr	False	1	rankbased	True	nssa	9.831084818685557	hits@10	simple	150.0	basic	90.0	adadelta	0.02189097057288345	0.0	powersum	256	0.0	1500.0	128.0	owa	0.8059277347737694	0.002	50.0	2.0	1.0						0.0	False	2.0	0.08324682122307926
0.0006639518413597734	7	aab5d36e	0.0.1-dev	wn18rr	True	1	rankbased	True	nssa	16.113074090954584	hits@10	simple	350.0	basic	80.0	adadelta	0.0024135279091926916	0.0	powersum	256	0.0	600.0	128.0	owa	0.7802762542178535	0.002	50.0	2.0	1.0						0.0	False	2.0	0.08308068759029084
0.244408307657195	0	d50cd48b	0.0.1-dev	fb15k237	False	1	rankbased	True	nssa	11.232583292706103	hits@10	simple	50.0	basic	70.0	adam	0.0036688789867713478	0.0	no	256	0.0	600.0	128.0	owa	0.4172043233977715													
0.21473810338925026	1	d50cd48b	0.0.1-dev	fb15k237	True	1	rankbased	True	nssa	2.1739129603279244	hits@10	simple	250.0	basic	100.0	adam	0.0028476340337351114	0.0	no	256	0.0	1700.0	128.0	owa	0.9331465478583719													
0.000708215297450425	11	aab5d36e	0.0.1-dev	wn18rr	True	1	rankbased	True	nssa	3.067565859893216	hits@10	simple	150.0	basic	70.0	adam	0.004094187432554415	0.0	powersum	256	0.0	1600.0	128.0	owa	0.1336463535025708	0.002	50.0	2.0	1.0						0.0	False	2.0	0.01669906226987341
0.0006196883852691218	61	aab5d36e	0.0.1-dev	wn18rr	False	1	rankbased	True	nssa	9.289391975178631	hits@10	simple	250.0	basic	80.0	adam	0.004487582687128979	0.0	powersum	256	0.0	2000.0	128.0	owa	0.424463316686327	0.002	50.0	2.0	1.0						0.0	False	2.0	0.015851878833509785
0.0008558712769599452	1	d50cd48b	0.0.1-dev	fb15k237	True	1	rankbased	True	softplus		hits@10	simple	50.0	basic	71.0	adadelta	0.023013658587197568	0.0	no	256	0.0	700.0	128.0	owa														
0.0009699874472212713	0	d50cd48b	0.0.1-dev	fb15k237	False	1	rankbased	True	softplus		hits@10	simple	250.0	basic	91.0	adadelta	0.0951121874378305	0.0	no	256	0.0	900.0	128.0	owa														
0.0005754249291784702	5	aab5d36e	0.0.1-dev	wn18rr	True	1	rankbased	True	softplus		hits@10	simple	450.0	basic	91.0	adadelta	0.032855705043367926	0.0	powersum	256	0.0	800.0	128.0	owa		0.002	50.0	2.0	1.0						0.0	False	2.0	0.03870983208384511
0.0008852691218130312	29	aab5d36e	0.0.1-dev	wn18rr	False	1	rankbased	True	softplus		hits@10	simple	50.0	basic	41.0	adadelta	0.001006787746012062	0.0	powersum	256	0.0	1100.0	128.0	owa		0.002	50.0	2.0	1.0						0.0	False	2.0	0.015937483564664748
0.22021567956179391	0	d50cd48b	0.0.1-dev	fb15k237	True	1	rankbased	True	softplus		hits@10	simple	150.0	basic	51.0	adam	0.01787005287840506	0.0	no	256	0.0	800.0	128.0	owa														
0.2412986420175739	0	d50cd48b	0.0.1-dev	fb15k237	False	1	rankbased	True	softplus		hits@10	simple	50.0	basic	41.0	adam	0.009986968080657932	0.0	no	256	0.0	1900.0	128.0	owa														
0.0005311614730878187	21	aab5d36e	0.0.1-dev	wn18rr	False	1	rankbased	True	softplus		hits@10	simple	50.0	basic	21.0	adam	0.0022905863290655078	0.0	powersum	256	0.0	1500.0	128.0	owa		0.002	50.0	2.0	1.0						0.0	False	2.0	0.021827802876182727
0.124704910292729	18	aab5d36e	0.0.1-dev	wn18rr	True	1	rankbased	True	softplus		hits@10	simple	450.0	basic	1.0	adam	0.0018659464360586454	0.0	powersum	256	0.0	1300.0	128.0	owa		0.002	50.0	2.0	1.0						0.0	False	2.0	0.01035391632714725
0.035176309483053746	1	d50cd48b	0.0.1-dev	fb15k237	False	8	rankbased	True	bceaftersigmoid		hits@10	transd	350.0	basic	11.0	adadelta	0.005467498016859175	0.0	no	256	0.0	700.0	64.0	owa							150.0							
0.005819924683327628	0	d50cd48b	0.0.1-dev	fb15k237	True	8	rankbased	True	bceaftersigmoid		hits@10	transd	150.0	basic	71.0	adadelta	0.06210662374041707	0.0	no	256	0.0	600.0	64.0	owa							150.0							
0.017933023067583972	63	f9af833e	0.0.1-dev	wn18rr	False	16	rankbased	True	bceaftersigmoid		hits@10	transd	450.0	basic	1.0	adadelta	0.010623685284450688	0.0	no	256	0.0	600.0		owa		0.002	50.0	2.0			350.0							
0.01642666037141958	32	f9af833e	0.0.1-dev	wn18rr	True	16	rankbased	True	bceaftersigmoid		hits@10	transd	350.0	basic	1.0	adadelta	0.002180019674275726	0.0	no	256	0.0	1000.0		owa		0.002	50.0	2.0			250.0							
0.22669177222412415	0	d50cd48b	0.0.1-dev	fb15k237	False	8	rankbased	True	bceaftersigmoid		hits@10	transd	50.0	basic	1.0	adam	0.005159953444792586	0.0	no	256	0.0	700.0	64.0	owa							450.0							
0.2590722355357754	0	d50cd48b	0.0.1-dev	fb15k237	True	8	rankbased	True	bceaftersigmoid		hits@10	transd	50.0	basic	1.0	adam	0.0011605450885857523	0.0	no	256	0.0	1000.0	64.0	owa							50.0							
0.3584454674220963	7	80fad45a	0.0.1-dev	wn18rr	True	16	rankbased	True	bceaftersigmoid		hits@10	transd	150.0	basic	61.0	adam	0.002094793296407879	0.0	no	256	0.0	700.0		owa		0.002	50.0	2.0			250.0							
0.3817870632672332	27	f9af833e	0.0.1-dev	wn18rr	False	16	rankbased	True	bceaftersigmoid		hits@10	transd	50.0	basic	21.0	adam	0.001442942556613528	0.0	no	256	0.0	700.0		owa		0.002	50.0	2.0			450.0							
0.29285062193312794	2	d50cd48b	0.0.1-dev	fb15k237	True	1	rankbased	True	marginranking	0.578609361510927	hits@10	transd	350.0	basic	41.0	adadelta	0.005509510699207279	0.0	no	256	0.0	500.0	128.0	owa							150.0							
0.24024306744265664	1	d50cd48b	0.0.1-dev	fb15k237	False	1	rankbased	True	marginranking	4.8691829832032845	hits@10	transd	150.0	basic	21.0	adadelta	0.0493806801198284	0.0	no	256	0.0	800.0	128.0	owa							350.0							
0.028171230720805792	4	3068d222	0.0.1-dev	wn18rr	True	1	rankbased	True	marginranking	1.024216858420532	hits@10	transd	350.0	basic	21.0	adadelta	0.005192704867527768	0.0	no	256	0.0	800.0	128.0	owa		0.002	50.0	2.0	1.0		350.0							
0.025369283690813437	6	3068d222	0.0.1-dev	wn18rr	False	1	rankbased	True	marginranking	8.733392474202208	hits@10	transd	450.0	basic	1.0	adadelta	0.00578784073347722	0.0	no	256	0.0	500.0	128.0	owa		0.002	50.0	2.0	1.0		350.0							
0.307229259386055	1	d50cd48b	0.0.1-dev	fb15k237	True	1	rankbased	True	marginranking	1.7609072757652413	hits@10	transd	250.0	basic	31.0	adam	0.001858028004017954	0.0	no	256	0.0	700.0	128.0	owa							450.0							
0.12313134771197079	1	d50cd48b	0.0.1-dev	fb15k237	False	1	rankbased	True	marginranking	4.960365897018962	hits@10	transd	150.0	basic	1.0	adam	0.0014009292479359276	0.0	no	256	0.0	800.0	128.0	owa							250.0							
0.41980393618607426	14	3068d222	0.0.1-dev	wn18rr	False	1	rankbased	True	marginranking	1.3847066397525936	hits@10	transd	250.0	basic	31.0	adam	0.0029334074756808474	0.0	no	256	0.0	900.0	128.0	owa		0.002	50.0	2.0	1.0		150.0							
0.3942546033994334	24	3068d222	0.0.1-dev	wn18rr	True	1	rankbased	True	marginranking	1.6042228362070414	hits@10	transd	450.0	basic	46.0	adam	0.0023845549189941057	0.0	no	256	0.0	600.0	128.0	owa		0.002	50.0	2.0	1.0		450.0							
0.19331279242268629	1	d50cd48b	0.0.1-dev	fb15k237	True	8	rankbased	True	nssa	2.654488610802466	hits@10	transd	350.0	basic	180.0	adadelta	0.004054110280992757	0.0	no	256	0.0	800.0	128.0	owa	0.7339551514477483						450.0							
0.005991098938719616	3	d50cd48b	0.0.1-dev	fb15k237	False	8	rankbased	True	nssa	21.421522811243616	hits@10	transd	450.0	basic	140.0	adadelta	0.06109299936952423	0.0	no	256	0.0	500.0	128.0	owa	0.7094925648267295						450.0							
0.028033522190745987	2	f9af833e	0.0.1-dev	wn18rr	True	8	rankbased	True	nssa	1.9629509125195792	hits@10	transd	350.0	basic	70.0	adadelta	0.03077150309669646	0.0	no	256	0.0	700.0	128.0	owa	0.20096088709833915	0.002	50.0	2.0			450.0							
0.02758498583569405	24	f9af833e	0.0.1-dev	wn18rr	False	8	rankbased	True	nssa	2.058873466606668	hits@10	transd	450.0	basic	190.0	adadelta	0.013694517185919967	0.0	no	256	0.0	800.0	128.0	owa	0.8561969331573616	0.002	50.0	2.0			350.0							
0.00022823234052265205	1	d50cd48b	0.0.1-dev	fb15k237	True	8	rankbased	True	nssa	14.912522044848357	hits@10	transd	50.0	basic	80.0	adam	0.004780108003108872	0.0	no	256	0.0	500.0	128.0	owa	0.28257516172770597						150.0							
0.22683441743695082	1	d50cd48b	0.0.1-dev	fb15k237	False	8	rankbased	True	nssa	1.3557579966681774	hits@10	transd	450.0	basic	110.0	adam	0.005631411110642609	0.0	no	256	0.0	900.0	128.0	owa	0.8293590021790892						150.0							
0.26777620396600565	1	f9af833e	0.0.1-dev	wn18rr	False	8	rankbased	True	nssa	3.3732116679777038	hits@10	transd	150.0	basic	80.0	adam	0.004620121752017593	0.0	no	256	0.0	900.0	128.0	owa	0.823570168142559	0.002	50.0	2.0			450.0							
0.29237835360773207	24	f9af833e	0.0.1-dev	wn18rr	True	8	rankbased	True	nssa	2.9614055934858783	hits@10	transd	450.0	basic	30.0	adam	0.0012892775806372582	0.0	no	256	0.0	800.0	128.0	owa	0.30387481175959125	0.002	50.0	2.0			50.0							
0.0055346342576743125	0	d50cd48b	0.0.1-dev	fb15k237	False	8	rankbased	True	softplus		hits@10	transd	250.0	basic	91.0	adadelta	0.00560905389177856	0.0	no	256	0.0	1000.0	64.0	owa							250.0							
0.009129293620906082	0	d50cd48b	0.0.1-dev	fb15k237	True	8	rankbased	True	softplus		hits@10	transd	50.0	basic	41.0	adadelta	0.08799905961066659	0.0	no	256	0.0	500.0	64.0	owa							250.0							
0.014990557129367327	36	f9af833e	0.0.1-dev	wn18rr	True	16	rankbased	True	softplus		hits@10	transd	250.0	basic	1.0	adadelta	0.021886429337345654	0.0	no	256	0.0	500.0		owa		0.002	50.0	2.0			250.0							
0.018701310198300285	75	f9af833e	0.0.1-dev	wn18rr	False	16	rankbased	True	softplus		hits@10	transd	450.0	basic	1.0	adadelta	0.018043761961031256	0.0	no	256	0.0	900.0		owa		0.002	50.0	2.0			250.0							
0.2722526532009586	1	d50cd48b	0.0.1-dev	fb15k237	False	8	rankbased	True	softplus		hits@10	transd	450.0	basic	11.0	adam	0.0019213399169364458	0.0	no	256	0.0	500.0	64.0	owa							50.0							
0.012895127239529841	0	d50cd48b	0.0.1-dev	fb15k237	True	8	rankbased	True	softplus		hits@10	transd	150.0	basic	51.0	adam	0.011530779239683774	0.0	no	256	0.0	900.0	64.0	owa							350.0							
0.36723914069877245	37	f9af833e	0.0.1-dev	wn18rr	False	16	rankbased	True	softplus		hits@10	transd	250.0	basic	91.0	adam	0.0016951222214786627	0.0	no	256	0.0	1000.0		owa		0.002	50.0	2.0			450.0							
0.3941861962400206	12	f9af833e	0.0.1-dev	wn18rr	True	16	rankbased	True	softplus		hits@10	transd	50.0	basic	11.0	adam	0.003380772781448635	0.0	no	256	0.0	500.0		owa		0.002	50.0	2.0			350.0							
0.22561301780212256	0	31cfbd84	0.0.1-dev	fb15k237	False	16	rankbased	True	bceaftersigmoid		hits@10	transe	250.0	basic	71.0	adadelta	0.06131223884671386	0.0	no	256	0.0	1800.0		owa		0.002	50.0	2.0	16.0			1.0						
0.26248553169984185	4	31cfbd84	0.0.1-dev	fb15k237	True	16	rankbased	True	bceaftersigmoid		hits@10	transe	450.0	basic	1.0	adadelta	0.08651980852388558	0.0	no	256	0.0	1000.0		owa		0.002	50.0	2.0	16.0			2.0						
0.17859945639690683	65	53ad0f27	0.0.1-dev	wn18rr	False	16	rankbased	True	bceaftersigmoid		hits@10	transe	450.0	basic	1.0	adadelta	0.0057882087085909225	0.0	no	256	0.0	1800.0		owa		0.002	50.0	2.0				1.0						
0.31769933669591655	8	5486d62d	0.0.1-dev	wn18rr	True	16	rankbased	True	bceaftersigmoid		hits@10	transe	350.0	basic	31.0	adadelta	0.09336677733222677	0.0	no	256	0.0	2000.0		owa		0.002	50.0	2.0				1.0						
0.09401558073654391	0	d50cd48b	0.0.1-dev	wn18rr	True	1	rankbased	True	bceaftersigmoid		hits@10	transe	150.0			adam	0.01889319934388893	0.0	no	256	0.0011619952340807625	600.0		lcwa								1.0						
0.285152535280916	50	31cfbd84	0.0.1-dev	fb15k237	False	16	rankbased	True	bceaftersigmoid		hits@10	transe	150.0	basic	31.0	adam	0.0013438686072342358	0.0	no	256	0.0	2000.0		owa		0.002	50.0	2.0	16.0			1.0						
0.28450587698276847	25	31cfbd84	0.0.1-dev	fb15k237	True	16	rankbased	True	bceaftersigmoid		hits@10	transe	450.0	basic	91.0	adam	0.001063294956310889	0.0	no	256	0.0	800.0		owa		0.002	50.0	2.0	16.0			1.0						
0.4041522970809213	59	5486d62d	0.0.1-dev	wn18rr	True	16	rankbased	True	bceaftersigmoid		hits@10	transe	50.0	basic	31.0	adam	0.0010299419548870088	0.0	no	256	0.0	1300.0		owa		0.002	50.0	2.0				1.0						
0.412945430147607	44	53ad0f27	0.0.1-dev	wn18rr	False	16	rankbased	True	bceaftersigmoid		hits@10	transe	50.0	basic	81.0	adam	0.001533953148280206	0.0	no	256	0.0	900.0		owa		0.002	50.0	2.0				1.0						
0.3402051114121132	6	31cfbd84	0.0.1-dev	fb15k237	True	32	rankbased	True	marginranking	2.9107149918437165	hits@10	transe	150.0	basic	6.0	adadelta	0.01717446370644749	0.0	no	256	0.0	1100.0		owa		0.002	50.0	2.0	32.0			1.0						
0.35169652706455173	6	31cfbd84	0.0.1-dev	fb15k237	False	32	rankbased	True	marginranking	4.601677504455913	hits@10	transe	50.0	basic	11.0	adadelta	0.09916250790056963	0.0	no	256	0.0	1300.0		owa		0.002	50.0	2.0	32.0			1.0						
0.471604394763035	0	5486d62d	0.0.1-dev	wn18rr	True	32	rankbased	True	marginranking	9.572308286359727	hits@10	transe	250.0	basic	11.0	adadelta	0.058992091373228285	0.0	no	256	0.0	2000.0		owa		0.002	50.0	2.0				1.0						
0.4211367997806817	26	5486d62d	0.0.1-dev	wn18rr	False	32	rankbased	True	marginranking	7.298182075058131	hits@10	transe	450.0	basic	31.0	adadelta	0.07603554009077813	0.0	no	256	0.0	1500.0		owa		0.002	50.0	2.0				1.0						
0.36642702270911787	18	31cfbd84	0.0.1-dev	fb15k237	True	32	rankbased	True	marginranking	4.3102094094212	hits@10	transe	50.0	basic	6.0	adam	0.0010447009523898254	0.0	no	256	0.0	1300.0		owa		0.002	50.0	2.0	32.0			1.0						
0.4019560549002521	24	31cfbd84	0.0.1-dev	fb15k237	False	32	rankbased	True	marginranking	7.23668416308399	hits@10	transe	450.0	basic	26.0	adam	0.001029363864262365	0.0	no	256	0.0	600.0		owa		0.002	50.0	2.0	32.0			1.0						
0.45851038715769593	19	5486d62d	0.0.1-dev	wn18rr	False	32	rankbased	True	marginranking	4.922180813235736	hits@10	transe	150.0	basic	26.0	adam	0.0018184651738609194	0.0	no	256	0.0	1700.0		owa		0.002	50.0	2.0				1.0						
0.47171967550862737	53	5486d62d	0.0.1-dev	wn18rr	True	32	rankbased	True	marginranking	9.375199608467828	hits@10	transe	350.0	basic	16.0	adam	0.001311419129395615	0.0	no	256	0.0	2000.0		owa		0.002	50.0	2.0				1.0						
0.4033159950377872	12	31cfbd84	0.0.1-dev	fb15k237	True	32	rankbased	True	nssa	8.745373825283217	hits@10	transe	450.0	basic	100.0	adadelta	0.05840767780791658	0.0	no	256	0.0	1500.0		owa	0.7149236899011016	0.002	50.0	2.0	32.0			1.0						
0.36992223798112195	2	31cfbd84	0.0.1-dev	fb15k237	False	32	rankbased	True	nssa	5.048193228141404	hits@10	transe	450.0	basic	40.0	adadelta	0.0741257945055467	0.0	no	256	0.0	1700.0		owa	0.47348309055869087	0.002	50.0	2.0	32.0			1.0						
0.4734166329421287	10	5486d62d	0.0.1-dev	wn18rr	True	32	rankbased	True	nssa	9.346241485510774	hits@10	transe	250.0	basic	100.0	adadelta	0.09256485380514978	0.0	no	256	0.0	1700.0		owa	0.687259159101302	0.002	50.0	2.0				1.0						
0.40751719951436666	55	5486d62d	0.0.1-dev	wn18rr	False	32	rankbased	True	nssa	2.5789428560583865	hits@10	transe	450.0	basic	60.0	adadelta	0.044708955766310184	0.0	no	256	0.0	1700.0		owa	0.9557528367455486	0.002	50.0	2.0				1.0						
0.36680293479939047	24	31cfbd84	0.0.1-dev	fb15k237	True	32	rankbased	True	nssa	23.9476725024689	hits@10	transe	150.0	basic	50.0	adam	0.001855552210745408	0.0	no	256	0.0	1600.0		owa	0.28360622469756713	0.002	50.0	2.0	32.0			1.0						
0.41082011487694475	33	31cfbd84	0.0.1-dev	fb15k237	False	32	rankbased	True	nssa	19.42598889763555	hits@10	transe	350.0	basic	40.0	adam	0.0011952645281315985	0.0	no	256	0.0	700.0		owa	0.8717911745856356	0.002	50.0	2.0	32.0			1.0						
0.4890226628895184	3	93df6494	0.0.1-dev	wn18rr	True	16	rankbased	True	nssa	11.348614396400377	hits@10	transe	350.0	basic	50.0	adam	0.0011784980896332546	0.0	no	256	0.0	800.0		owa	0.11936628978465355							1.0						
0.5120396600566572	22	93df6494	0.0.1-dev	wn18rr	False	16	rankbased	True	nssa	23.33647983203969	hits@10	transe	250.0	basic	40.0	adam	0.0010403257271451916	0.0	no	256	0.0	700.0		owa	0.6496269939534244							1.0						
0.49663597733711046	10	93df6494	0.0.1-dev	wn18rr	True	16	rankbased	True	nssa	15.355010869668284	hits@10	transe	250.0	basic	70.0	adam	0.0010464329417939797	0.0	no	256	0.0	500.0		owa	0.4497212242013732							1.0						
0.5097379603399433	21	93df6494	0.0.1-dev	wn18rr	False	16	rankbased	True	nssa	29.888880517013824	hits@10	transe	250.0	basic	30.0	adam	0.001002598143572221	0.0	no	256	0.0	800.0		owa	0.8253697943821836							1.0						
0.4767446611462192	87	5486d62d	0.0.1-dev	wn18rr	False	32	rankbased	True	nssa	29.58478406692833	hits@10	transe	150.0	basic	50.0	adam	0.0014324370346159155	0.0	no	256	0.0	1900.0		owa	0.22708154192687938	0.002	50.0	2.0				1.0						
0.48645538243626063	58	5486d62d	0.0.1-dev	wn18rr	True	32	rankbased	True	nssa	20.124172088989614	hits@10	transe	250.0	basic	70.0	adam	0.001060250679382836	0.0	no	256	0.0	1700.0		owa	0.17862327161513808	0.002	50.0	2.0				1.0						
0.23134404395102787	14	31cfbd84	0.0.1-dev	fb15k237	False	16	rankbased	True	softplus		hits@10	transe	450.0	basic	81.0	adadelta	0.055777412224099904	0.0	no	256	0.0	2000.0		owa		0.002	50.0	2.0	16.0			1.0						
0.22689147552208147	6	31cfbd84	0.0.1-dev	fb15k237	True	16	rankbased	True	softplus		hits@10	transe	450.0	basic	51.0	adadelta	0.019027310623497603	0.0	no	256	0.0	1300.0		owa		0.002	50.0	2.0	16.0			1.0						
0.2417610953729934	32	5486d62d	0.0.1-dev	wn18rr	True	16	rankbased	True	softplus		hits@10	transe	150.0	basic	1.0	adadelta	0.017580141632670635	0.0	no	256	0.0	700.0		owa		0.002	50.0	2.0				1.0						
0.3510655421066186	30	53ad0f27	0.0.1-dev	wn18rr	False	16	rankbased	True	softplus		hits@10	transe	250.0	basic	1.0	adadelta	0.09611693186639102	0.0	no	256	0.0	500.0		owa		0.002	50.0	2.0				1.0						
0.3408146552013479	32	31cfbd84	0.0.1-dev	fb15k237	False	16	rankbased	True	softplus		hits@10	transe	50.0	basic	91.0	adam	0.0012015664147487406	0.0	no	256	0.0	1000.0		owa		0.002	50.0	2.0	16.0			1.0						
0.2851620449617711	40	31cfbd84	0.0.1-dev	fb15k237	True	16	rankbased	True	softplus		hits@10	transe	150.0	basic	51.0	adam	0.001876280272965427	0.0	no	256	0.0	1400.0		owa		0.002	50.0	2.0	16.0			1.0						
0.3751863724466975	67	53ad0f27	0.0.1-dev	wn18rr	False	16	rankbased	True	softplus		hits@10	transe	150.0	basic	91.0	adam	0.00124555736638146	0.0	no	256	0.0	1500.0		owa		0.002	50.0	2.0				1.0						
0.4253476693278393	42	5486d62d	0.0.1-dev	wn18rr	True	16	rankbased	True	softplus		hits@10	transe	50.0	basic	71.0	adam	0.0010121885818986207	0.0	no	256	0.0	1100.0		owa		0.002	50.0	2.0				1.0						
0.005734337555631633	0	d50cd48b	0.0.1-dev	fb15k237	True	1	rankbased	True	bceaftersigmoid		hits@10	transr	200.0	basic	41.0	adadelta	0.009947882738266214	0.0	no	256	0.0	900.0	64.0	owa							150.0	1.0						
0.005563163300239644	1	d50cd48b	0.0.1-dev	fb15k237	False	1	rankbased	True	bceaftersigmoid		hits@10	transr	100.0	basic	81.0	adadelta	0.0336115871025127	0.0	no	256	0.0	800.0	64.0	owa							150.0	1.0						
0.03242808890825888	14	aab5d36e	0.0.1-dev	wn18rr	False	1	rankbased	True	bceaftersigmoid		hits@10	transr	50.0	basic	1.0	adadelta	0.09868865187695454	0.0	no	256	0.0	600.0	64.0	owa		0.002	50.0	2.0	1.0		150.0	1.0						
0.1692448188459818	12	708b3731	0.0.1-dev	wn18rr	True	1	rankbased	True	bceaftersigmoid		hits@10	transr	150.0	basic	1.0	adadelta	0.04462379979586392	0.0	no	256	0.0	900.0	64.0	owa		0.002	50.0	2.0	1.0		100.0	2.0						
0.014435695538057743	0	d50cd48b	0.0.1-dev	fb15k237	True	1	rankbased	True	bceaftersigmoid		hits@10	transr	100.0	basic	81.0	adam	0.041051529466046704	0.0	no	256	0.0	900.0	64.0	owa							200.0	1.0						
0.11023622047244094	1	d50cd48b	0.0.1-dev	fb15k237	False	1	rankbased	True	bceaftersigmoid		hits@10	transr	100.0	basic	51.0	adam	0.005684686442448635	0.0	no	256	0.0	600.0	64.0	owa							200.0	1.0						
0.33839412181303113	1	708b3731	0.0.1-dev	wn18rr	True	1	rankbased	True	bceaftersigmoid		hits@10	transr	150.0	basic	11.0	adam	0.004502314546338747	0.0	no	256	0.0	1000.0	64.0	owa		0.002	50.0	2.0	1.0		200.0	1.0						
0.3275622217725617	8	aab5d36e	0.0.1-dev	wn18rr	False	1	rankbased	True	bceaftersigmoid		hits@10	transr	150.0	basic	91.0	adam	0.0026373021783854624	0.0	no	256	0.0	700.0	64.0	owa		0.002	50.0	2.0	1.0		150.0	2.0						
0.3321065845030241	1	d50cd48b	0.0.1-dev	fb15k237	False	1	rankbased	True	marginranking	2.7589256236296165	hits@10	transr	100.0	basic	21.0	adadelta	0.06891699076634364	0.0	no	256	0.0	900.0	64.0	owa							50.0	2.0						
0.2516832135113546	0	d50cd48b	0.0.1-dev	fb15k237	True	1	rankbased	True	marginranking	5.225105004569692	hits@10	transr	150.0	basic	46.0	adadelta	0.01466732784979871	0.0	no	256	0.0	900.0	64.0	owa							150.0	2.0						
0.2825499478157149	6	708b3731	0.0.1-dev	wn18rr	False	1	rankbased	True	marginranking	1.2908858047147531	hits@10	transr	150.0	basic	41.0	adadelta	0.06330975801933791	0.0	no	256	0.0	900.0	64.0	owa		0.002	50.0	2.0	1.0		150.0	2.0						
0.09143944759206799	0	aab5d36e	0.0.1-dev	wn18rr	True	1	rankbased	True	marginranking	7.57565541866363	hits@10	transr	150.0	basic	21.0	adadelta	0.08961583821368654	0.0	no	256	0.0	1000.0	64.0	owa		0.002	50.0	2.0	1.0		200.0	2.0						
0.30591692342804977	1	d50cd48b	0.0.1-dev	fb15k237	False	1	rankbased	True	marginranking	1.168567317984264	hits@10	transr	50.0	basic	36.0	adam	0.006629507166882511	0.0	no	256	0.0	600.0	64.0	owa							150.0	1.0						
0.19054547529384913	0	d50cd48b	0.0.1-dev	fb15k237	True	1	rankbased	True	marginranking	1.7697677252632824	hits@10	transr	50.0	basic	1.0	adam	0.004354791909456579	0.0	no	256	0.0	600.0	64.0	owa							150.0	1.0						
0.20789660056657225	13	708b3731	0.0.1-dev	wn18rr	True	1	rankbased	True	marginranking	3.3920805840971884	hits@10	transr	200.0	basic	26.0	adam	0.0017230411373214411	0.0	no	256	0.0	900.0	64.0	owa		0.002	50.0	2.0	1.0		50.0	2.0						
0.32157803244913724	25	708b3731	0.0.1-dev	wn18rr	False	1	rankbased	True	marginranking	2.178698117485567	hits@10	transr	150.0	basic	16.0	adam	0.002924305663971515	0.0	no	256	0.0	500.0	64.0	owa		0.002	50.0	2.0	1.0		200.0	1.0						
0.2254650233938149	0	d50cd48b	0.0.1-dev	fb15k237	False	1	rankbased	True	nssa	2.2055710528286796	hits@10	transr	200.0	basic	80.0	adadelta	0.012248621851706642	0.0	no	256	0.0	600.0	64.0	owa	0.691287124719532						150.0	2.0						
0.04459032468947483	22	708b3731	0.0.1-dev	wn18rr	False	1	rankbased	True	nssa	1.8873146319475036	hits@10	transr	150.0	basic	130.0	adadelta	0.07828844906857495	0.0	no	256	0.0	600.0	64.0	owa	0.4924158637831334	0.002	50.0	2.0	1.0		100.0	1.0						
0.001903328611898017	6	aab5d36e	0.0.1-dev	wn18rr	True	1	rankbased	True	nssa	1.0706239521370722	hits@10	transr	50.0	basic	110.0	adadelta	0.030124622220361788	0.0	no	256	0.0	700.0	64.0	owa	0.9273221004389549	0.002	50.0	2.0	1.0		50.0	2.0						
0.0003708775533493096	0	d50cd48b	0.0.1-dev	fb15k237	False	1	rankbased	True	nssa	10.898811227292518	hits@10	transr	150.0	basic	170.0	adam	0.049183409725460696	0.0	no	256	0.0	600.0	64.0	owa	0.8528126894805421						50.0	1.0						
0.00022823234052265205	1	d50cd48b	0.0.1-dev	fb15k237	True	1	rankbased	True	nssa	24.085887146348657	hits@10	transr	100.0	basic	120.0	adam	0.0037093625226377997	0.0	no	256	0.0	900.0	64.0	owa	0.830565951174015						150.0	1.0						
0.13690686968838528	6	708b3731	0.0.1-dev	wn18rr	True	1	rankbased	True	nssa	3.542002606405209	hits@10	transr	150.0	basic	180.0	adam	0.009098498533727966	0.0	no	256	0.0	1000.0	64.0	owa	0.3888509651448634	0.002	50.0	2.0	1.0		200.0	1.0						
0.005594900849858357	5	708b3731	0.0.1-dev	wn18rr	False	1	rankbased	True	nssa	8.645085519916435	hits@10	transr	200.0	basic	190.0	adam	0.0010482236959319382	0.0	no	256	0.0	800.0	64.0	owa	0.8430729275049674	0.002	50.0	2.0	1.0		150.0	1.0						
0.005991098938719616	0	d50cd48b	0.0.1-dev	fb15k237	True	1	rankbased	True	softplus		hits@10	transr	100.0	basic	61.0	adadelta	0.056949739203346006	0.0	no	256	0.0	1000.0	64.0	owa							100.0	2.0						
0.34554376355129524	0	d50cd48b	0.0.1-dev	fb15k237	False	1	rankbased	True	softplus		hits@10	transr	150.0	basic	1.0	adadelta	0.04460507777864295	0.0	no	256	0.0	800.0	64.0	owa							100.0	1.0						
0.19927998111425874	9	aab5d36e	0.0.1-dev	wn18rr	True	1	rankbased	True	softplus		hits@10	transr	100.0	basic	1.0	adadelta	0.0957179091883801	0.0	no	256	0.0	700.0	64.0	owa		0.002	50.0	2.0	1.0		50.0	1.0						
0.014925637393767706	17	aab5d36e	0.0.1-dev	wn18rr	False	1	rankbased	True	softplus		hits@10	transr	150.0	basic	11.0	adadelta	0.09058068385194415	0.0	no	256	0.0	1000.0	64.0	owa		0.002	50.0	2.0	1.0		200.0	2.0						
0.10706949674768915	0	d50cd48b	0.0.1-dev	fb15k237	True	1	rankbased	True	softplus		hits@10	transr	50.0	basic	21.0	adam	0.03192982041003825	0.0	no	256	0.0	900.0	64.0	owa							150.0	1.0						
0.18004678762980714	1	d50cd48b	0.0.1-dev	fb15k237	False	1	rankbased	True	softplus		hits@10	transr	50.0	basic	21.0	adam	0.005666254358311695	0.0	no	256	0.0	1000.0	64.0	owa							100.0	1.0						
0.3374814515041144	7	aab5d36e	0.0.1-dev	wn18rr	False	1	rankbased	True	softplus		hits@10	transr	150.0	basic	91.0	adam	0.0010189436069148205	0.0	no	256	0.0	1000.0	64.0	owa		0.002	50.0	2.0	1.0		150.0	1.0						
0.3308999782087601	1	708b3731	0.0.1-dev	wn18rr	True	1	rankbased	True	softplus		hits@10	transr	150.0	basic	41.0	adam	0.0010555619099324827	0.0	no	256	0.0	600.0	64.0	owa		0.002	50.0	2.0	1.0		100.0	2.0						
0.06866940545475293	10	d50cd48b	0.0.1-dev	fb15k237	False	16	rankbased	True	bceaftersigmoid		hits@10	um	350.0	basic	61.0	adadelta	0.002713534115682693	0.0	no	256	0.0	1400.0		owa								2.0						
0.06886910875271025	8	d50cd48b	0.0.1-dev	fb15k237	True	16	rankbased	True	bceaftersigmoid		hits@10	um	450.0	basic	11.0	adadelta	0.001639156785784198	0.0	no	256	0.0	500.0		owa								2.0						
0.014670174018615945	21	f9af833e	0.0.1-dev	wn18rr	False	16	rankbased	True	bceaftersigmoid		hits@10	um	450.0	basic	11.0	adadelta	0.04246432357600231	0.0	no	256	0.0	1300.0		owa		0.002	50.0	2.0				2.0						
0.01547007790368272	37	f9af833e	0.0.1-dev	wn18rr	True	16	rankbased	True	bceaftersigmoid		hits@10	um	450.0	basic	71.0	adadelta	0.04861221660488485	0.0	no	256	0.0	1000.0		owa		0.002	50.0	2.0				2.0						
0.05417665183156453	3	d50cd48b	0.0.1-dev	fb15k237	False	16	rankbased	True	bceaftersigmoid		hits@10	um	50.0	basic	51.0	adam	0.0012593343865097012	0.0	no	256	0.0	1300.0		owa								2.0						
0.046673513636882345	2	d50cd48b	0.0.1-dev	fb15k237	True	16	rankbased	True	bceaftersigmoid		hits@10	um	250.0	basic	31.0	adam	0.005483950329895638	0.0	no	256	0.0	1100.0		owa								2.0						
0.3863314447592068	16	f9af833e	0.0.1-dev	wn18rr	True	16	rankbased	True	bceaftersigmoid		hits@10	um	250.0	basic	91.0	adam	0.0015726352358760298	0.0	no	256	0.0	1500.0		owa		0.002	50.0	2.0				2.0						
0.3878787412242887	98	f9af833e	0.0.1-dev	wn18rr	False	16	rankbased	True	bceaftersigmoid		hits@10	um	150.0	basic	91.0	adam	0.0018973122250641864	0.0	no	256	0.0	1400.0		owa		0.002	50.0	2.0				2.0						
0.06807029556088098	3	d50cd48b	0.0.1-dev	fb15k237	True	32	rankbased	True	marginranking	3.1811773378817536	hits@10	um	350.0	basic	11.0	adadelta	0.009267426977123627	0.0	no	256	0.0	1600.0		owa								1.0						
0.07762752482026704	8	d50cd48b	0.0.1-dev	fb15k237	False	32	rankbased	True	marginranking	7.0912174018773655	hits@10	um	350.0	basic	21.0	adadelta	0.03382990360283704	0.0	no	256	0.0	700.0		owa								2.0						
0.014452018413597733	40	f9af833e	0.0.1-dev	wn18rr	False	32	rankbased	True	marginranking	5.72576474806367	hits@10	um	350.0	basic	26.0	adadelta	0.006408163030254819	0.0	no	256	0.0	1900.0		owa		0.002	50.0	2.0				2.0						
0.3322628699814399	7	f9af833e	0.0.1-dev	wn18rr	True	32	rankbased	True	marginranking	3.058721441211303	hits@10	um	450.0	basic	36.0	adadelta	0.08714343573687128	0.0	no	256	0.0	1400.0		owa		0.002	50.0	2.0				2.0						
0.032351934269085926	0	d50cd48b	0.0.1-dev	fb15k237	True	32	rankbased	True	marginranking	4.490866399386929	hits@10	um	50.0	basic	1.0	adam	0.0025139562255600788	0.0	no	256	0.0	1000.0		owa								1.0						
0.013522766175967135	7	d50cd48b	0.0.1-dev	fb15k237	False	32	rankbased	True	marginranking	1.5309344195818941	hits@10	um	350.0	basic	36.0	adam	0.005633369749740479	0.0	no	256	0.0	1400.0		owa								2.0						
0.3752860100239704	26	f9af833e	0.0.1-dev	wn18rr	False	32	rankbased	True	marginranking	1.665947450549022	hits@10	um	450.0	basic	36.0	adam	0.017465004509874402	0.0	no	256	0.0	1600.0		owa		0.002	50.0	2.0				2.0						
0.37656028682719545	11	f9af833e	0.0.1-dev	wn18rr	True	32	rankbased	True	marginranking	1.289580672621878	hits@10	um	350.0	basic	26.0	adam	0.06483821906941088	0.0	no	256	0.0	2000.0		owa		0.002	50.0	2.0				1.0						
0.06481798470843318	5	d50cd48b	0.0.1-dev	fb15k237	True	32	rankbased	True	nssa	20.866999507128412	hits@10	um	350.0	basic	50.0	adadelta	0.0016588658480495234	0.0	no	256	0.0	1400.0		owa	0.5836250759504057							1.0						
0.0714367225835901	2	d50cd48b	0.0.1-dev	fb15k237	False	32	rankbased	True	nssa	5.648235834642261	hits@10	um	350.0	basic	70.0	adadelta	0.020360986326819146	0.0	no	256	0.0	1900.0		owa	0.16770282421708446							1.0						
0.40681786775374834	73	f9af833e	0.0.1-dev	wn18rr	False	32	rankbased	True	nssa	19.634450604060415	hits@10	um	450.0	basic	80.0	adadelta	0.08361965011717896	0.0	no	256	0.0	2000.0		owa	0.3477166858690549	0.002	50.0	2.0				1.0						
0.4003347926860675	11	35b5320c	0.0.1-dev	wn18rr	True	32	rankbased	True	nssa	21.16743130564656	hits@10	um	250.0	basic	40.0	adadelta	0.06220042449941012	0.0	no	256	0.0	1600.0		owa	0.9493749724543378	0.002	50.0	2.0				1.0						
0.029755791395640763	4	d50cd48b	0.0.1-dev	fb15k237	True	32	rankbased	True	nssa	19.328308344551075	hits@10	um	250.0	basic	40.0	adam	0.0032726673091850833	0.0	no	256	0.0	600.0		owa	0.10511759886839533							2.0						
0.05192285746890334	2	d50cd48b	0.0.1-dev	fb15k237	False	32	rankbased	True	nssa	5.1601860272980735	hits@10	um	350.0	basic	70.0	adam	0.001367345923909264	0.0	no	256	0.0	1600.0		owa	0.7261965821888886							2.0						
0.4016076487252125	6	f9af833e	0.0.1-dev	wn18rr	False	32	rankbased	True	nssa	15.350258223683035	hits@10	um	50.0	basic	10.0	adam	0.001051550231798416	0.0	no	256	0.0	1600.0		owa	0.867089356983691	0.002	50.0	2.0				1.0						
0.41283504031379387	8	f9af833e	0.0.1-dev	wn18rr	True	32	rankbased	True	nssa	27.130553245762297	hits@10	um	450.0	basic	100.0	adam	0.00442981394042539	0.0	no	256	0.0	1000.0		owa	0.7787084508682073	0.002	50.0	2.0				2.0						
0.09340408535889536	1	d50cd48b	0.0.1-dev	fb15k237	False	16	rankbased	True	softplus		hits@10	um	150.0	basic	51.0	adadelta	0.09556661015431979	0.0	no	256	0.0	600.0		owa								1.0						
0.09585758301951386	3	d50cd48b	0.0.1-dev	fb15k237	True	16	rankbased	True	softplus		hits@10	um	350.0	basic	31.0	adadelta	0.006013651766621374	0.0	no	256	0.0	1600.0		owa								1.0						
0.3352974504249292	44	f9af833e	0.0.1-dev	wn18rr	True	16	rankbased	True	softplus		hits@10	um	450.0	basic	1.0	adadelta	0.03396487987208451	0.0	no	256	0.0	1200.0		owa		0.002	50.0	2.0				1.0						
0.35007172949807513	23	f9af833e	0.0.1-dev	wn18rr	False	16	rankbased	True	softplus		hits@10	um	450.0	basic	61.0	adadelta	0.06449736235432671	0.0	no	256	0.0	1900.0		owa		0.002	50.0	2.0				1.0						
0.05822777587584161	3	d50cd48b	0.0.1-dev	fb15k237	False	16	rankbased	True	softplus		hits@10	um	50.0	basic	61.0	adam	0.0011100761638774047	0.0	no	256	0.0	1500.0		owa								1.0						
0.03740157480314961	4	d50cd48b	0.0.1-dev	fb15k237	True	16	rankbased	True	softplus		hits@10	um	350.0	basic	61.0	adam	0.011535544879520174	0.0	no	256	0.0	1100.0		owa								2.0						
0.3883406207661042	14	f9af833e	0.0.1-dev	wn18rr	False	16	rankbased	True	softplus		hits@10	um	350.0	basic	81.0	adam	0.001364729485734916	0.0	no	256	0.0	2000.0		owa		0.002	50.0	2.0				2.0						
0.3848688262101244	3	f9af833e	0.0.1-dev	wn18rr	True	16	rankbased	True	softplus		hits@10	um	250.0	basic	81.0	adam	0.001462223824439751	0.0	no	256	0.0	1300.0		owa		0.002	50.0	2.0				2.0						
